device,device_id,site_id,time,pm2_5_value,pm2_5_calibratedValue,pm10_value,pm10_calibratedValue,frequency,no2_value,no2_calibratedValue,deviceDetails__id,deviceDetails_mobility,deviceDetails_device_codes_0,deviceDetails_device_codes_1,deviceDetails_device_codes_2,deviceDetails_status,deviceDetails_isPrimaryInLocation,deviceDetails_category,deviceDetails_network,deviceDetails_name,deviceDetails___v,deviceDetails_alias,deviceDetails_approximate_distance_in_km,deviceDetails_bearing_in_radians,deviceDetails_latitude,deviceDetails_longitude
airqo-g5171,6425370f88d7e4001d3596f4,64ceb622c01e770013b27f01,2023-11-25T19:00:00.000Z,11.616900000000047,11.616900000000047,7.955399691116977,7.955399691116977,hourly,,,6425370f88d7e4001d3596f4,false,6425370f88d7e4001d3596f4,airqo-g5171,2087721,deployed,false,lowcost,airqo,airqo-g5171,0,airqo-g5171,0.5,3.033,5.647,-0.18515
airqo-g5171,6425370f88d7e4001d3596f4,64ceb622c01e770013b27f01,2023-11-25T18:00:00.000Z,11.32610000000006,11.32610000000006,4.922872157809599,4.922872157809599,hourly,,,6425370f88d7e4001d3596f4,false,6425370f88d7e4001d3596f4,airqo-g5171,2087721,deployed,false,lowcost,airqo,airqo-g5171,0,airqo-g5171,0.5,3.033,5.647,-0.18515
airqo-g5171,6425370f88d7e4001d3596f4,64ceb622c01e770013b27f01,2023-11-25T17:00:00.000Z,9.182300000000026,9.182300000000026,2.6396201260560685,2.6396201260560685,hourly,,,6425370f88d7e4001d3596f4,false,6425370f88d7e4001d3596f4,airqo-g5171,2087721,deployed,false,lowcost,airqo,airqo-g5171,0,airqo-g5171,0.5,3.033,5.647,-0.18515
airqo-g5171,6425370f88d7e4001d3596f4,64ceb622c01e770013b27f01,2023-11-25T16:00:00.000Z,9.187200000000027,9.187200000000027,1.165734563656332,1.165734563656332,hourly,,,6425370f88d7e4001d3596f4,false,6425370f88d7e4001d3596f4,airqo-g5171,2087721,deployed,false,lowcost,airqo,airqo-g5171,0,airqo-g5171,0.5,3.033,5.647,-0.18515
airqo-g5171,6425370f88d7e4001d3596f4,64ceb622c01e770013b27f01,2023-11-25T15:00:00.000Z,9.365300000000024,9.365300000000024,4.587845128551344,4.587845128551344,hourly,,,6425370f88d7e4001d3596f4,false,6425370f88d7e4001d3596f4,airqo-g5171,2087721,deployed,false,lowcost,airqo,airqo-g5171,0,airqo-g5171,0.5,3.033,5.647,-0.18515
airqo-g5171,6425370f88d7e4001d3596f4,64ceb622c01e770013b27f01,2023-11-25T14:00:00.000Z,9.252000000000026,9.252000000000026,5.983903259771704,5.983903259771704,hourly,,,6425370f88d7e4001d3596f4,false,6425370f88d7e4001d3596f4,airqo-g5171,2087721,deployed,false,lowcost,airqo,airqo-g5171,0,airqo-g5171,0.5,3.033,5.647,-0.18515
airqo-g5171,6425370f88d7e4001d3596f4,64ceb622c01e770013b27f01,2023-11-25T13:00:00.000Z,11.78830000000006,11.78830000000006,7.7236355926792655,7.7236355926792655,hourly,,,6425370f88d7e4001d3596f4,false,6425370f88d7e4001d3596f4,airqo-g5171,2087721,deployed,false,lowcost,airqo,airqo-g5171,0,airqo-g5171,0.5,3.033,5.647,-0.18515
airqo-g5171,6425370f88d7e4001d3596f4,64ceb622c01e770013b27f01,2023-11-25T12:00:00.000Z,10.685900000000045,10.685900000000045,9.862577564760109,9.862577564760109,hourly,,,6425370f88d7e4001d3596f4,false,6425370f88d7e4001d3596f4,airqo-g5171,2087721,deployed,false,lowcost,airqo,airqo-g5171,0,airqo-g5171,0.5,3.033,5.647,-0.18515
airqo-g5171,6425370f88d7e4001d3596f4,64ceb622c01e770013b27f01,2023-11-25T11:00:00.000Z,9.94670000000004,9.94670000000004,7.251683248339642,7.251683248339642,hourly,,,6425370f88d7e4001d3596f4,false,6425370f88d7e4001d3596f4,airqo-g5171,2087721,deployed,false,lowcost,airqo,airqo-g5171,0,airqo-g5171,0.5,3.033,5.647,-0.18515
airqo-g5171,6425370f88d7e4001d3596f4,64ceb622c01e770013b27f01,2023-11-25T10:00:00.000Z,10.52390000000006,10.52390000000006,7.789839244840722,7.789839244840722,hourly,,,6425370f88d7e4001d3596f4,false,6425370f88d7e4001d3596f4,airqo-g5171,2087721,deployed,false,lowcost,airqo,airqo-g5171,0,airqo-g5171,0.5,3.033,5.647,-0.18515
airqo-g5171,6425370f88d7e4001d3596f4,64ceb622c01e770013b27f01,2023-11-25T09:00:00.000Z,15.906300000000082,15.906300000000082,14.279494074336098,14.279494074336098,hourly,,,6425370f88d7e4001d3596f4,false,6425370f88d7e4001d3596f4,airqo-g5171,2087721,deployed,false,lowcost,airqo,airqo-g5171,0,airqo-g5171,0.5,3.033,5.647,-0.18515
airqo-g5171,6425370f88d7e4001d3596f4,64ceb622c01e770013b27f01,2023-11-25T08:00:00.000Z,14.952099999999996,14.952099999999996,20.31144854780776,20.31144854780776,hourly,,,6425370f88d7e4001d3596f4,false,6425370f88d7e4001d3596f4,airqo-g5171,2087721,deployed,false,lowcost,airqo,airqo-g5171,0,airqo-g5171,0.5,3.033,5.647,-0.18515
airqo-g5171,6425370f88d7e4001d3596f4,64ceb622c01e770013b27f01,2023-11-25T07:00:00.000Z,18.51730000000001,18.51730000000001,26.630868691241044,26.630868691241044,hourly,,,6425370f88d7e4001d3596f4,false,6425370f88d7e4001d3596f4,airqo-g5171,2087721,deployed,false,lowcost,airqo,airqo-g5171,0,airqo-g5171,0.5,3.033,5.647,-0.18515
airqo-g5171,6425370f88d7e4001d3596f4,64ceb622c01e770013b27f01,2023-11-24T20:00:00.000Z,16.753700000000048,16.753700000000048,18.14535854136892,18.14535854136892,hourly,,,6425370f88d7e4001d3596f4,false,6425370f88d7e4001d3596f4,airqo-g5171,2087721,deployed,false,lowcost,airqo,airqo-g5171,0,airqo-g5171,0.5,3.033,5.647,-0.18515
airqo-g5171,6425370f88d7e4001d3596f4,64ceb622c01e770013b27f01,2023-11-24T19:00:00.000Z,16.411400000000025,16.411400000000025,19.62978109289267,19.62978109289267,hourly,,,6425370f88d7e4001d3596f4,false,6425370f88d7e4001d3596f4,airqo-g5171,2087721,deployed,false,lowcost,airqo,airqo-g5171,0,airqo-g5171,0.5,3.033,5.647,-0.18515
airqo-g5171,6425370f88d7e4001d3596f4,64ceb622c01e770013b27f01,2023-11-24T18:00:00.000Z,10.674200000000043,10.674200000000043,5.378585084695376,5.378585084695376,hourly,,,6425370f88d7e4001d3596f4,false,6425370f88d7e4001d3596f4,airqo-g5171,2087721,deployed,false,lowcost,airqo,airqo-g5171,0,airqo-g5171,0.5,3.033,5.647,-0.18515
airqo-g5171,6425370f88d7e4001d3596f4,64ceb622c01e770013b27f01,2023-11-24T17:00:00.000Z,9.384400000000037,9.384400000000037,3.381238028364943,3.381238028364943,hourly,,,6425370f88d7e4001d3596f4,false,6425370f88d7e4001d3596f4,airqo-g5171,2087721,deployed,false,lowcost,airqo,airqo-g5171,0,airqo-g5171,0.5,3.033,5.647,-0.18515
airqo-g5171,6425370f88d7e4001d3596f4,64ceb622c01e770013b27f01,2023-11-24T16:00:00.000Z,9.998600000000042,9.998600000000042,6.6856418609429005,6.6856418609429005,hourly,,,6425370f88d7e4001d3596f4,false,6425370f88d7e4001d3596f4,airqo-g5171,2087721,deployed,false,lowcost,airqo,airqo-g5171,0,airqo-g5171,0.5,3.033,5.647,-0.18515
airqo-g5171,6425370f88d7e4001d3596f4,64ceb622c01e770013b27f01,2023-11-24T15:00:00.000Z,9.76920000000004,9.76920000000004,9.010840458923784,9.010840458923784,hourly,,,6425370f88d7e4001d3596f4,false,6425370f88d7e4001d3596f4,airqo-g5171,2087721,deployed,false,lowcost,airqo,airqo-g5171,0,airqo-g5171,0.5,3.033,5.647,-0.18515
airqo-g5171,6425370f88d7e4001d3596f4,64ceb622c01e770013b27f01,2023-11-24T14:00:00.000Z,10.185700000000049,10.185700000000049,8.938595964672087,8.938595964672087,hourly,,,6425370f88d7e4001d3596f4,false,6425370f88d7e4001d3596f4,airqo-g5171,2087721,deployed,false,lowcost,airqo,airqo-g5171,0,airqo-g5171,0.5,3.033,5.647,-0.18515
airqo-g5171,6425370f88d7e4001d3596f4,64ceb622c01e770013b27f01,2023-11-24T13:00:00.000Z,10.427600000000051,10.427600000000051,8.023454891357048,8.023454891357048,hourly,,,6425370f88d7e4001d3596f4,false,6425370f88d7e4001d3596f4,airqo-g5171,2087721,deployed,false,lowcost,airqo,airqo-g5171,0,airqo-g5171,0.5,3.033,5.647,-0.18515
airqo-g5171,6425370f88d7e4001d3596f4,64ceb622c01e770013b27f01,2023-11-24T12:00:00.000Z,11.117900000000084,11.117900000000084,10.112076830517314,10.112076830517314,hourly,,,6425370f88d7e4001d3596f4,false,6425370f88d7e4001d3596f4,airqo-g5171,2087721,deployed,false,lowcost,airqo,airqo-g5171,0,airqo-g5171,0.5,3.033,5.647,-0.18515
airqo-g5171,6425370f88d7e4001d3596f4,64ceb622c01e770013b27f01,2023-11-24T11:00:00.000Z,13.00790000000005,13.00790000000005,12.959102509009146,12.959102509009146,hourly,,,6425370f88d7e4001d3596f4,false,6425370f88d7e4001d3596f4,airqo-g5171,2087721,deployed,false,lowcost,airqo,airqo-g5171,0,airqo-g5171,0.5,3.033,5.647,-0.18515
airqo-g5171,6425370f88d7e4001d3596f4,64ceb622c01e770013b27f01,2023-11-24T10:00:00.000Z,10.804500000000058,10.804500000000058,8.95378344186319,8.95378344186319,hourly,,,6425370f88d7e4001d3596f4,false,6425370f88d7e4001d3596f4,airqo-g5171,2087721,deployed,false,lowcost,airqo,airqo-g5171,0,airqo-g5171,0.5,3.033,5.647,-0.18515
airqo-g5171,6425370f88d7e4001d3596f4,64ceb622c01e770013b27f01,2023-11-24T09:00:00.000Z,15.380900000000064,15.380900000000064,12.146054509174572,12.146054509174572,hourly,,,6425370f88d7e4001d3596f4,false,6425370f88d7e4001d3596f4,airqo-g5171,2087721,deployed,false,lowcost,airqo,airqo-g5171,0,airqo-g5171,0.5,3.033,5.647,-0.18515
airqo-g5171,6425370f88d7e4001d3596f4,64ceb622c01e770013b27f01,2023-11-24T08:00:00.000Z,15.255100000000043,15.255100000000043,14.069756876941298,14.069756876941298,hourly,,,6425370f88d7e4001d3596f4,false,6425370f88d7e4001d3596f4,airqo-g5171,2087721,deployed,false,lowcost,airqo,airqo-g5171,0,airqo-g5171,0.5,3.033,5.647,-0.18515
airqo-g5171,6425370f88d7e4001d3596f4,64ceb622c01e770013b27f01,2023-11-24T07:00:00.000Z,19.83449999999998,19.83449999999998,27.34853969210132,27.34853969210132,hourly,,,6425370f88d7e4001d3596f4,false,6425370f88d7e4001d3596f4,airqo-g5171,2087721,deployed,false,lowcost,airqo,airqo-g5171,0,airqo-g5171,0.5,3.033,5.647,-0.18515
airqo-g5171,6425370f88d7e4001d3596f4,64ceb622c01e770013b27f01,2023-11-23T19:00:00.000Z,11.382300000000054,11.382300000000054,4.5987428566191255,4.5987428566191255,hourly,,,6425370f88d7e4001d3596f4,false,6425370f88d7e4001d3596f4,airqo-g5171,2087721,deployed,false,lowcost,airqo,airqo-g5171,0,airqo-g5171,0.5,3.033,5.647,-0.18515
airqo-g5171,6425370f88d7e4001d3596f4,64ceb622c01e770013b27f01,2023-11-23T18:00:00.000Z,12.658100000000076,12.658100000000076,5.468761822478197,5.468761822478197,hourly,,,6425370f88d7e4001d3596f4,false,6425370f88d7e4001d3596f4,airqo-g5171,2087721,deployed,false,lowcost,airqo,airqo-g5171,0,airqo-g5171,0.5,3.033,5.647,-0.18515
airqo-g5171,6425370f88d7e4001d3596f4,64ceb622c01e770013b27f01,2023-11-23T17:00:00.000Z,10.535800000000055,10.535800000000055,6.250309548257786,6.250309548257786,hourly,,,6425370f88d7e4001d3596f4,false,6425370f88d7e4001d3596f4,airqo-g5171,2087721,deployed,false,lowcost,airqo,airqo-g5171,0,airqo-g5171,0.5,3.033,5.647,-0.18515
airqo-g5171,6425370f88d7e4001d3596f4,64ceb622c01e770013b27f01,2023-11-23T16:00:00.000Z,10.814100000000064,10.814100000000064,9.192505538737617,9.192505538737617,hourly,,,6425370f88d7e4001d3596f4,false,6425370f88d7e4001d3596f4,airqo-g5171,2087721,deployed,false,lowcost,airqo,airqo-g5171,0,airqo-g5171,0.5,3.033,5.647,-0.18515
airqo-g5171,6425370f88d7e4001d3596f4,64ceb622c01e770013b27f01,2023-11-23T15:00:00.000Z,11.440800000000063,11.440800000000063,14.36915484292362,14.36915484292362,hourly,,,6425370f88d7e4001d3596f4,false,6425370f88d7e4001d3596f4,airqo-g5171,2087721,deployed,false,lowcost,airqo,airqo-g5171,0,airqo-g5171,0.5,3.033,5.647,-0.18515
airqo-g5171,6425370f88d7e4001d3596f4,64ceb622c01e770013b27f01,2023-11-23T14:00:00.000Z,13.63120000000004,13.63120000000004,16.013050817287265,16.013050817287265,hourly,,,6425370f88d7e4001d3596f4,false,6425370f88d7e4001d3596f4,airqo-g5171,2087721,deployed,false,lowcost,airqo,airqo-g5171,0,airqo-g5171,0.5,3.033,5.647,-0.18515
airqo-g5171,6425370f88d7e4001d3596f4,64ceb622c01e770013b27f01,2023-11-23T13:00:00.000Z,15.361500000000037,15.361500000000037,15.574182450458077,15.574182450458077,hourly,,,6425370f88d7e4001d3596f4,false,6425370f88d7e4001d3596f4,airqo-g5171,2087721,deployed,false,lowcost,airqo,airqo-g5171,0,airqo-g5171,0.5,3.033,5.647,-0.18515
airqo-g5171,6425370f88d7e4001d3596f4,64ceb622c01e770013b27f01,2023-11-23T12:00:00.000Z,15.970500000000056,15.970500000000056,16.218233159216723,16.218233159216723,hourly,,,6425370f88d7e4001d3596f4,false,6425370f88d7e4001d3596f4,airqo-g5171,2087721,deployed,false,lowcost,airqo,airqo-g5171,0,airqo-g5171,0.5,3.033,5.647,-0.18515
airqo-g5171,6425370f88d7e4001d3596f4,64ceb622c01e770013b27f01,2023-11-23T11:00:00.000Z,13.686100000000009,13.686100000000009,13.799344942060712,13.799344942060712,hourly,,,6425370f88d7e4001d3596f4,false,6425370f88d7e4001d3596f4,airqo-g5171,2087721,deployed,false,lowcost,airqo,airqo-g5171,0,airqo-g5171,0.5,3.033,5.647,-0.18515
airqo-g5171,6425370f88d7e4001d3596f4,64ceb622c01e770013b27f01,2023-11-23T10:00:00.000Z,16.990899999999986,16.990899999999986,25.947398771478767,25.947398771478767,hourly,,,6425370f88d7e4001d3596f4,false,6425370f88d7e4001d3596f4,airqo-g5171,2087721,deployed,false,lowcost,airqo,airqo-g5171,0,airqo-g5171,0.5,3.033,5.647,-0.18515
airqo-g5171,6425370f88d7e4001d3596f4,64ceb622c01e770013b27f01,2023-11-23T09:00:00.000Z,16.701299999999993,16.701299999999993,23.047162421347537,23.047162421347537,hourly,,,6425370f88d7e4001d3596f4,false,6425370f88d7e4001d3596f4,airqo-g5171,2087721,deployed,false,lowcost,airqo,airqo-g5171,0,airqo-g5171,0.5,3.033,5.647,-0.18515
airqo-g5171,6425370f88d7e4001d3596f4,64ceb622c01e770013b27f01,2023-11-23T08:00:00.000Z,16.973899999999993,16.973899999999993,24.31938155422382,24.31938155422382,hourly,,,6425370f88d7e4001d3596f4,false,6425370f88d7e4001d3596f4,airqo-g5171,2087721,deployed,false,lowcost,airqo,airqo-g5171,0,airqo-g5171,0.5,3.033,5.647,-0.18515
airqo-g5171,6425370f88d7e4001d3596f4,64ceb622c01e770013b27f01,2023-11-23T07:00:00.000Z,16.158100000000005,16.158100000000005,23.622513475583,23.622513475583,hourly,,,6425370f88d7e4001d3596f4,false,6425370f88d7e4001d3596f4,airqo-g5171,2087721,deployed,false,lowcost,airqo,airqo-g5171,0,airqo-g5171,0.5,3.033,5.647,-0.18515
airqo-g5171,6425370f88d7e4001d3596f4,64ceb622c01e770013b27f01,2023-11-23T06:00:00.000Z,,,,,hourly,,,6425370f88d7e4001d3596f4,false,6425370f88d7e4001d3596f4,airqo-g5171,2087721,deployed,false,lowcost,airqo,airqo-g5171,0,airqo-g5171,0.5,3.033,5.647,-0.18515
airqo-g5171,6425370f88d7e4001d3596f4,64ceb622c01e770013b27f01,2023-11-23T05:00:00.000Z,,,,,hourly,,,6425370f88d7e4001d3596f4,false,6425370f88d7e4001d3596f4,airqo-g5171,2087721,deployed,false,lowcost,airqo,airqo-g5171,0,airqo-g5171,0.5,3.033,5.647,-0.18515
airqo-g5171,6425370f88d7e4001d3596f4,64ceb622c01e770013b27f01,2023-11-23T04:00:00.000Z,,,,,hourly,,,6425370f88d7e4001d3596f4,false,6425370f88d7e4001d3596f4,airqo-g5171,2087721,deployed,false,lowcost,airqo,airqo-g5171,0,airqo-g5171,0.5,3.033,5.647,-0.18515
airqo-g5171,6425370f88d7e4001d3596f4,64ceb622c01e770013b27f01,2023-11-23T03:00:00.000Z,,,,,hourly,,,6425370f88d7e4001d3596f4,false,6425370f88d7e4001d3596f4,airqo-g5171,2087721,deployed,false,lowcost,airqo,airqo-g5171,0,airqo-g5171,0.5,3.033,5.647,-0.18515
airqo-g5171,6425370f88d7e4001d3596f4,64ceb622c01e770013b27f01,2023-11-23T02:00:00.000Z,,,,,hourly,,,6425370f88d7e4001d3596f4,false,6425370f88d7e4001d3596f4,airqo-g5171,2087721,deployed,false,lowcost,airqo,airqo-g5171,0,airqo-g5171,0.5,3.033,5.647,-0.18515
airqo-g5171,6425370f88d7e4001d3596f4,64ceb622c01e770013b27f01,2023-11-23T01:00:00.000Z,,,,,hourly,,,6425370f88d7e4001d3596f4,false,6425370f88d7e4001d3596f4,airqo-g5171,2087721,deployed,false,lowcost,airqo,airqo-g5171,0,airqo-g5171,0.5,3.033,5.647,-0.18515
airqo-g5171,6425370f88d7e4001d3596f4,64ceb622c01e770013b27f01,2023-11-23T00:00:00.000Z,,,,,hourly,,,6425370f88d7e4001d3596f4,false,6425370f88d7e4001d3596f4,airqo-g5171,2087721,deployed,false,lowcost,airqo,airqo-g5171,0,airqo-g5171,0.5,3.033,5.647,-0.18515
airqo-g5171,6425370f88d7e4001d3596f4,64ceb622c01e770013b27f01,2023-11-22T23:00:00.000Z,,,,,hourly,,,6425370f88d7e4001d3596f4,false,6425370f88d7e4001d3596f4,airqo-g5171,2087721,deployed,false,lowcost,airqo,airqo-g5171,0,airqo-g5171,0.5,3.033,5.647,-0.18515
airqo-g5171,6425370f88d7e4001d3596f4,64ceb622c01e770013b27f01,2023-11-22T22:00:00.000Z,,,,,hourly,,,6425370f88d7e4001d3596f4,false,6425370f88d7e4001d3596f4,airqo-g5171,2087721,deployed,false,lowcost,airqo,airqo-g5171,0,airqo-g5171,0.5,3.033,5.647,-0.18515
airqo-g5171,6425370f88d7e4001d3596f4,64ceb622c01e770013b27f01,2023-11-22T21:00:00.000Z,,,,,hourly,,,6425370f88d7e4001d3596f4,false,6425370f88d7e4001d3596f4,airqo-g5171,2087721,deployed,false,lowcost,airqo,airqo-g5171,0,airqo-g5171,0.5,3.033,5.647,-0.18515
airqo-g5171,6425370f88d7e4001d3596f4,64ceb622c01e770013b27f01,2023-11-22T20:00:00.000Z,,,,,hourly,,,6425370f88d7e4001d3596f4,false,6425370f88d7e4001d3596f4,airqo-g5171,2087721,deployed,false,lowcost,airqo,airqo-g5171,0,airqo-g5171,0.5,3.033,5.647,-0.18515
airqo-g5171,6425370f88d7e4001d3596f4,64ceb622c01e770013b27f01,2023-11-22T19:00:00.000Z,,,,,hourly,,,6425370f88d7e4001d3596f4,false,6425370f88d7e4001d3596f4,airqo-g5171,2087721,deployed,false,lowcost,airqo,airqo-g5171,0,airqo-g5171,0.5,3.033,5.647,-0.18515
airqo-g5171,6425370f88d7e4001d3596f4,64ceb622c01e770013b27f01,2023-11-22T18:00:00.000Z,,,,,hourly,,,6425370f88d7e4001d3596f4,false,6425370f88d7e4001d3596f4,airqo-g5171,2087721,deployed,false,lowcost,airqo,airqo-g5171,0,airqo-g5171,0.5,3.033,5.647,-0.18515
airqo-g5171,6425370f88d7e4001d3596f4,64ceb622c01e770013b27f01,2023-11-22T17:00:00.000Z,,,,,hourly,,,6425370f88d7e4001d3596f4,false,6425370f88d7e4001d3596f4,airqo-g5171,2087721,deployed,false,lowcost,airqo,airqo-g5171,0,airqo-g5171,0.5,3.033,5.647,-0.18515
airqo-g5171,6425370f88d7e4001d3596f4,64ceb622c01e770013b27f01,2023-11-22T16:00:00.000Z,,,,,hourly,,,6425370f88d7e4001d3596f4,false,6425370f88d7e4001d3596f4,airqo-g5171,2087721,deployed,false,lowcost,airqo,airqo-g5171,0,airqo-g5171,0.5,3.033,5.647,-0.18515
airqo-g5171,6425370f88d7e4001d3596f4,64ceb622c01e770013b27f01,2023-11-22T15:00:00.000Z,10.980500000000056,10.980500000000056,12.4452617850191,12.4452617850191,hourly,,,6425370f88d7e4001d3596f4,false,6425370f88d7e4001d3596f4,airqo-g5171,2087721,deployed,false,lowcost,airqo,airqo-g5171,0,airqo-g5171,0.5,3.033,5.647,-0.18515
airqo-g5171,6425370f88d7e4001d3596f4,64ceb622c01e770013b27f01,2023-11-22T14:00:00.000Z,,,,,hourly,,,6425370f88d7e4001d3596f4,false,6425370f88d7e4001d3596f4,airqo-g5171,2087721,deployed,false,lowcost,airqo,airqo-g5171,0,airqo-g5171,0.5,3.033,5.647,-0.18515
airqo-g5171,6425370f88d7e4001d3596f4,64ceb622c01e770013b27f01,2023-11-22T13:00:00.000Z,12.624800000000077,12.624800000000077,12.237761504700948,12.237761504700948,hourly,,,6425370f88d7e4001d3596f4,false,6425370f88d7e4001d3596f4,airqo-g5171,2087721,deployed,false,lowcost,airqo,airqo-g5171,0,airqo-g5171,0.5,3.033,5.647,-0.18515
airqo-g5171,6425370f88d7e4001d3596f4,64ceb622c01e770013b27f01,2023-11-22T12:00:00.000Z,17.356100000000094,17.356100000000094,17.15281190729108,17.15281190729108,hourly,,,6425370f88d7e4001d3596f4,false,6425370f88d7e4001d3596f4,airqo-g5171,2087721,deployed,false,lowcost,airqo,airqo-g5171,0,airqo-g5171,0.5,3.033,5.647,-0.18515
airqo-g5171,6425370f88d7e4001d3596f4,64ceb622c01e770013b27f01,2023-11-22T11:00:00.000Z,18.85590000000008,18.85590000000008,16.093532467538317,16.093532467538317,hourly,,,6425370f88d7e4001d3596f4,false,6425370f88d7e4001d3596f4,airqo-g5171,2087721,deployed,false,lowcost,airqo,airqo-g5171,0,airqo-g5171,0.5,3.033,5.647,-0.18515
airqo-g5171,6425370f88d7e4001d3596f4,64ceb622c01e770013b27f01,2023-11-22T10:00:00.000Z,14.471600000000011,14.471600000000011,12.495046932915246,12.495046932915246,hourly,,,6425370f88d7e4001d3596f4,false,6425370f88d7e4001d3596f4,airqo-g5171,2087721,deployed,false,lowcost,airqo,airqo-g5171,0,airqo-g5171,0.5,3.033,5.647,-0.18515
airqo-g5171,6425370f88d7e4001d3596f4,64ceb622c01e770013b27f01,2023-11-22T09:00:00.000Z,16.502400000000094,16.502400000000094,12.7388654918833,12.7388654918833,hourly,,,6425370f88d7e4001d3596f4,false,6425370f88d7e4001d3596f4,airqo-g5171,2087721,deployed,false,lowcost,airqo,airqo-g5171,0,airqo-g5171,0.5,3.033,5.647,-0.18515
airqo-g5171,6425370f88d7e4001d3596f4,64ceb622c01e770013b27f01,2023-11-22T08:00:00.000Z,15.926200000000026,15.926200000000026,15.220777092439151,15.220777092439151,hourly,,,6425370f88d7e4001d3596f4,false,6425370f88d7e4001d3596f4,airqo-g5171,2087721,deployed,false,lowcost,airqo,airqo-g5171,0,airqo-g5171,0.5,3.033,5.647,-0.18515
airqo-g5171,6425370f88d7e4001d3596f4,64ceb622c01e770013b27f01,2023-11-22T07:00:00.000Z,15.492000000000017,15.492000000000017,16.468213679497808,16.468213679497808,hourly,,,6425370f88d7e4001d3596f4,false,6425370f88d7e4001d3596f4,airqo-g5171,2087721,deployed,false,lowcost,airqo,airqo-g5171,0,airqo-g5171,0.5,3.033,5.647,-0.18515
airqo-g5171,6425370f88d7e4001d3596f4,64ceb622c01e770013b27f01,2023-11-21T20:00:00.000Z,14.134800000000077,14.134800000000077,9.24977853407126,9.24977853407126,hourly,,,6425370f88d7e4001d3596f4,false,6425370f88d7e4001d3596f4,airqo-g5171,2087721,deployed,false,lowcost,airqo,airqo-g5171,0,airqo-g5171,0.5,3.033,5.647,-0.18515
airqo-g5171,6425370f88d7e4001d3596f4,64ceb622c01e770013b27f01,2023-11-21T19:00:00.000Z,15.216900000000043,15.216900000000043,10.38473420813176,10.38473420813176,hourly,,,6425370f88d7e4001d3596f4,false,6425370f88d7e4001d3596f4,airqo-g5171,2087721,deployed,false,lowcost,airqo,airqo-g5171,0,airqo-g5171,0.5,3.033,5.647,-0.18515
airqo-g5171,6425370f88d7e4001d3596f4,64ceb622c01e770013b27f01,2023-11-21T18:00:00.000Z,17.493400000000044,17.493400000000044,11.586640136799634,11.586640136799634,hourly,,,6425370f88d7e4001d3596f4,false,6425370f88d7e4001d3596f4,airqo-g5171,2087721,deployed,false,lowcost,airqo,airqo-g5171,0,airqo-g5171,0.5,3.033,5.647,-0.18515
airqo-g5171,6425370f88d7e4001d3596f4,64ceb622c01e770013b27f01,2023-11-21T17:00:00.000Z,17.774300000000082,17.774300000000082,16.70609548200247,16.70609548200247,hourly,,,6425370f88d7e4001d3596f4,false,6425370f88d7e4001d3596f4,airqo-g5171,2087721,deployed,false,lowcost,airqo,airqo-g5171,0,airqo-g5171,0.5,3.033,5.647,-0.18515
airqo-g5171,6425370f88d7e4001d3596f4,64ceb622c01e770013b27f01,2023-11-21T16:00:00.000Z,16.513700000000053,16.513700000000053,15.786967914546649,15.786967914546649,hourly,,,6425370f88d7e4001d3596f4,false,6425370f88d7e4001d3596f4,airqo-g5171,2087721,deployed,false,lowcost,airqo,airqo-g5171,0,airqo-g5171,0.5,3.033,5.647,-0.18515
airqo-g5171,6425370f88d7e4001d3596f4,64ceb622c01e770013b27f01,2023-11-21T15:00:00.000Z,17.55840000000002,17.55840000000002,17.892232074651574,17.892232074651574,hourly,,,6425370f88d7e4001d3596f4,false,6425370f88d7e4001d3596f4,airqo-g5171,2087721,deployed,false,lowcost,airqo,airqo-g5171,0,airqo-g5171,0.5,3.033,5.647,-0.18515
airqo-g5171,6425370f88d7e4001d3596f4,64ceb622c01e770013b27f01,2023-11-21T14:00:00.000Z,18.478900000000053,18.478900000000053,19.72129233302965,19.72129233302965,hourly,,,6425370f88d7e4001d3596f4,false,6425370f88d7e4001d3596f4,airqo-g5171,2087721,deployed,false,lowcost,airqo,airqo-g5171,0,airqo-g5171,0.5,3.033,5.647,-0.18515
airqo-g5171,6425370f88d7e4001d3596f4,64ceb622c01e770013b27f01,2023-11-21T13:00:00.000Z,16.401200000000035,16.401200000000035,16.74904327997994,16.74904327997994,hourly,,,6425370f88d7e4001d3596f4,false,6425370f88d7e4001d3596f4,airqo-g5171,2087721,deployed,false,lowcost,airqo,airqo-g5171,0,airqo-g5171,0.5,3.033,5.647,-0.18515
airqo-g5171,6425370f88d7e4001d3596f4,64ceb622c01e770013b27f01,2023-11-21T12:00:00.000Z,18.316700000000065,18.316700000000065,20.36781225994998,20.36781225994998,hourly,,,6425370f88d7e4001d3596f4,false,6425370f88d7e4001d3596f4,airqo-g5171,2087721,deployed,false,lowcost,airqo,airqo-g5171,0,airqo-g5171,0.5,3.033,5.647,-0.18515
airqo-g5171,6425370f88d7e4001d3596f4,64ceb622c01e770013b27f01,2023-11-21T11:00:00.000Z,19.058200000000024,19.058200000000024,17.509401645663452,17.509401645663452,hourly,,,6425370f88d7e4001d3596f4,false,6425370f88d7e4001d3596f4,airqo-g5171,2087721,deployed,false,lowcost,airqo,airqo-g5171,0,airqo-g5171,0.5,3.033,5.647,-0.18515
airqo-g5171,6425370f88d7e4001d3596f4,64ceb622c01e770013b27f01,2023-11-21T10:00:00.000Z,17.677600000000087,17.677600000000087,16.040034636950004,16.040034636950004,hourly,,,6425370f88d7e4001d3596f4,false,6425370f88d7e4001d3596f4,airqo-g5171,2087721,deployed,false,lowcost,airqo,airqo-g5171,0,airqo-g5171,0.5,3.033,5.647,-0.18515
airqo-g5171,6425370f88d7e4001d3596f4,64ceb622c01e770013b27f01,2023-11-20T19:00:00.000Z,14.76550000000009,14.76550000000009,9.21913423215323,9.21913423215323,hourly,,,6425370f88d7e4001d3596f4,false,6425370f88d7e4001d3596f4,airqo-g5171,2087721,deployed,false,lowcost,airqo,airqo-g5171,0,airqo-g5171,0.5,3.033,5.647,-0.18515
airqo-g5171,6425370f88d7e4001d3596f4,64ceb622c01e770013b27f01,2023-11-20T18:00:00.000Z,16.360800000000065,16.360800000000065,10.484464680134398,10.484464680134398,hourly,,,6425370f88d7e4001d3596f4,false,6425370f88d7e4001d3596f4,airqo-g5171,2087721,deployed,false,lowcost,airqo,airqo-g5171,0,airqo-g5171,0.5,3.033,5.647,-0.18515
airqo-g5171,6425370f88d7e4001d3596f4,64ceb622c01e770013b27f01,2023-11-20T17:00:00.000Z,17.315400000000064,17.315400000000064,15.833796652788529,15.833796652788529,hourly,,,6425370f88d7e4001d3596f4,false,6425370f88d7e4001d3596f4,airqo-g5171,2087721,deployed,false,lowcost,airqo,airqo-g5171,0,airqo-g5171,0.5,3.033,5.647,-0.18515
airqo-g5171,6425370f88d7e4001d3596f4,64ceb622c01e770013b27f01,2023-11-20T16:00:00.000Z,18.616800000000097,18.616800000000097,14.18477108216926,14.18477108216926,hourly,,,6425370f88d7e4001d3596f4,false,6425370f88d7e4001d3596f4,airqo-g5171,2087721,deployed,false,lowcost,airqo,airqo-g5171,0,airqo-g5171,0.5,3.033,5.647,-0.18515
airqo-g5171,6425370f88d7e4001d3596f4,64ceb622c01e770013b27f01,2023-11-20T15:00:00.000Z,18.057400000000055,18.057400000000055,19.59698590561854,19.59698590561854,hourly,,,6425370f88d7e4001d3596f4,false,6425370f88d7e4001d3596f4,airqo-g5171,2087721,deployed,false,lowcost,airqo,airqo-g5171,0,airqo-g5171,0.5,3.033,5.647,-0.18515
airqo-g5171,6425370f88d7e4001d3596f4,64ceb622c01e770013b27f01,2023-11-20T13:00:00.000Z,18.23820000000006,18.23820000000006,17.814954381774342,17.814954381774342,hourly,,,6425370f88d7e4001d3596f4,false,6425370f88d7e4001d3596f4,airqo-g5171,2087721,deployed,false,lowcost,airqo,airqo-g5171,0,airqo-g5171,0.5,3.033,5.647,-0.18515
airqo-g5171,6425370f88d7e4001d3596f4,64ceb622c01e770013b27f01,2023-11-20T12:00:00.000Z,18.045200000000047,18.045200000000047,18.2589476879495,18.2589476879495,hourly,,,6425370f88d7e4001d3596f4,false,6425370f88d7e4001d3596f4,airqo-g5171,2087721,deployed,false,lowcost,airqo,airqo-g5171,0,airqo-g5171,0.5,3.033,5.647,-0.18515
airqo-g5171,6425370f88d7e4001d3596f4,64ceb622c01e770013b27f01,2023-11-20T11:00:00.000Z,18.418200000000084,18.418200000000084,18.233554407592067,18.233554407592067,hourly,,,6425370f88d7e4001d3596f4,false,6425370f88d7e4001d3596f4,airqo-g5171,2087721,deployed,false,lowcost,airqo,airqo-g5171,0,airqo-g5171,0.5,3.033,5.647,-0.18515
airqo-g5171,6425370f88d7e4001d3596f4,64ceb622c01e770013b27f01,2023-11-20T10:00:00.000Z,17.286200000000058,17.286200000000058,15.385489279928294,15.385489279928294,hourly,,,6425370f88d7e4001d3596f4,false,6425370f88d7e4001d3596f4,airqo-g5171,2087721,deployed,false,lowcost,airqo,airqo-g5171,0,airqo-g5171,0.5,3.033,5.647,-0.18515
airqo-g5171,6425370f88d7e4001d3596f4,64ceb622c01e770013b27f01,2023-11-20T09:00:00.000Z,15.666100000000036,15.666100000000036,11.982310885756126,11.982310885756126,hourly,,,6425370f88d7e4001d3596f4,false,6425370f88d7e4001d3596f4,airqo-g5171,2087721,deployed,false,lowcost,airqo,airqo-g5171,0,airqo-g5171,0.5,3.033,5.647,-0.18515
airqo-g5171,6425370f88d7e4001d3596f4,64ceb622c01e770013b27f01,2023-11-19T20:00:00.000Z,10.80650000000004,10.80650000000004,6.599608148423583,6.599608148423583,hourly,,,6425370f88d7e4001d3596f4,false,6425370f88d7e4001d3596f4,airqo-g5171,2087721,deployed,false,lowcost,airqo,airqo-g5171,0,airqo-g5171,0.5,3.033,5.647,-0.18515
airqo-g5171,6425370f88d7e4001d3596f4,64ceb622c01e770013b27f01,2023-11-19T19:00:00.000Z,14.560400000000064,14.560400000000064,5.510677463834586,5.510677463834586,hourly,,,6425370f88d7e4001d3596f4,false,6425370f88d7e4001d3596f4,airqo-g5171,2087721,deployed,false,lowcost,airqo,airqo-g5171,0,airqo-g5171,0.5,3.033,5.647,-0.18515
airqo-g5171,6425370f88d7e4001d3596f4,64ceb622c01e770013b27f01,2023-11-19T18:00:00.000Z,13.800300000000092,13.800300000000092,6.368905189361711,6.368905189361711,hourly,,,6425370f88d7e4001d3596f4,false,6425370f88d7e4001d3596f4,airqo-g5171,2087721,deployed,false,lowcost,airqo,airqo-g5171,0,airqo-g5171,0.5,3.033,5.647,-0.18515
airqo-g5171,6425370f88d7e4001d3596f4,64ceb622c01e770013b27f01,2023-11-19T17:00:00.000Z,14.385200000000085,14.385200000000085,8.399068655697057,8.399068655697057,hourly,,,6425370f88d7e4001d3596f4,false,6425370f88d7e4001d3596f4,airqo-g5171,2087721,deployed,false,lowcost,airqo,airqo-g5171,0,airqo-g5171,0.5,3.033,5.647,-0.18515
airqo-g5171,6425370f88d7e4001d3596f4,64ceb622c01e770013b27f01,2023-11-19T16:00:00.000Z,14.81330000000009,14.81330000000009,10.267958688965477,10.267958688965477,hourly,,,6425370f88d7e4001d3596f4,false,6425370f88d7e4001d3596f4,airqo-g5171,2087721,deployed,false,lowcost,airqo,airqo-g5171,0,airqo-g5171,0.5,3.033,5.647,-0.18515
airqo-g5171,6425370f88d7e4001d3596f4,64ceb622c01e770013b27f01,2023-11-19T15:00:00.000Z,13.805400000000084,13.805400000000084,10.583348679140112,10.583348679140112,hourly,,,6425370f88d7e4001d3596f4,false,6425370f88d7e4001d3596f4,airqo-g5171,2087721,deployed,false,lowcost,airqo,airqo-g5171,0,airqo-g5171,0.5,3.033,5.647,-0.18515
airqo-g5171,6425370f88d7e4001d3596f4,64ceb622c01e770013b27f01,2023-11-19T14:00:00.000Z,14.490700000000077,14.490700000000077,14.210733379878477,14.210733379878477,hourly,,,6425370f88d7e4001d3596f4,false,6425370f88d7e4001d3596f4,airqo-g5171,2087721,deployed,false,lowcost,airqo,airqo-g5171,0,airqo-g5171,0.5,3.033,5.647,-0.18515
airqo-g5171,6425370f88d7e4001d3596f4,64ceb622c01e770013b27f01,2023-11-19T12:00:00.000Z,17.710500000000057,17.710500000000057,17.661498687431212,17.661498687431212,hourly,,,6425370f88d7e4001d3596f4,false,6425370f88d7e4001d3596f4,airqo-g5171,2087721,deployed,false,lowcost,airqo,airqo-g5171,0,airqo-g5171,0.5,3.033,5.647,-0.18515
airqo-g5171,6425370f88d7e4001d3596f4,64ceb622c01e770013b27f01,2023-11-19T11:00:00.000Z,17.64380000000004,17.64380000000004,17.22520951911067,17.22520951911067,hourly,,,6425370f88d7e4001d3596f4,false,6425370f88d7e4001d3596f4,airqo-g5171,2087721,deployed,false,lowcost,airqo,airqo-g5171,0,airqo-g5171,0.5,3.033,5.647,-0.18515
airqo-g5171,6425370f88d7e4001d3596f4,64ceb622c01e770013b27f01,2023-11-19T10:00:00.000Z,13.837000000000028,13.837000000000028,11.664483419032988,11.664483419032988,hourly,,,6425370f88d7e4001d3596f4,false,6425370f88d7e4001d3596f4,airqo-g5171,2087721,deployed,false,lowcost,airqo,airqo-g5171,0,airqo-g5171,0.5,3.033,5.647,-0.18515
airqo-g5171,6425370f88d7e4001d3596f4,64ceb622c01e770013b27f01,2023-11-19T09:00:00.000Z,15.697900000000068,15.697900000000068,13.083437676537276,13.083437676537276,hourly,,,6425370f88d7e4001d3596f4,false,6425370f88d7e4001d3596f4,airqo-g5171,2087721,deployed,false,lowcost,airqo,airqo-g5171,0,airqo-g5171,0.5,3.033,5.647,-0.18515
airqo-g5171,6425370f88d7e4001d3596f4,64ceb622c01e770013b27f01,2023-11-19T08:00:00.000Z,15.189799999999972,15.189799999999972,18.164905547857227,18.164905547857227,hourly,,,6425370f88d7e4001d3596f4,false,6425370f88d7e4001d3596f4,airqo-g5171,2087721,deployed,false,lowcost,airqo,airqo-g5171,0,airqo-g5171,0.5,3.033,5.647,-0.18515
airqo-g5171,6425370f88d7e4001d3596f4,64ceb622c01e770013b27f01,2023-11-19T07:00:00.000Z,14.335800000000036,14.335800000000036,8.755808166712878,8.755808166712878,hourly,,,6425370f88d7e4001d3596f4,false,6425370f88d7e4001d3596f4,airqo-g5171,2087721,deployed,false,lowcost,airqo,airqo-g5171,0,airqo-g5171,0.5,3.033,5.647,-0.18515