geo_lat,geo_lon,met_rh,met_temp,model_pm_pm1,model_pm_pm10,model_pm_pm25,pm1,pm10,pm25,sn,timestamp,timestamp_local,url
5.65136,-0.18566,71.1,30.23,9434,9436,9435,23.785,105.589,30.356,MOD-PM-01068,2023-11-16T07:43:51,2023-11-16T07:43:51,https://api.quant-aq.com/device-api/v1/devices/MOD-PM-01068/data/418697547
5.65136,-0.18566,71.25,30.2,9434,9436,9435,31.876,97.125,37.66,MOD-PM-01068,2023-11-16T07:42:51,2023-11-16T07:42:51,https://api.quant-aq.com/device-api/v1/devices/MOD-PM-01068/data/418697546
5.65136,-0.18566,71.5,30.17,9434,9436,9435,30.669,113.415,36.424,MOD-PM-01068,2023-11-16T07:41:51,2023-11-16T07:41:51,https://api.quant-aq.com/device-api/v1/devices/MOD-PM-01068/data/418697543
5.65136,-0.18566,71.43,30.14,9434,9436,9435,30.255,93.738,35.642,MOD-PM-01068,2023-11-16T07:40:51,2023-11-16T07:40:51,https://api.quant-aq.com/device-api/v1/devices/MOD-PM-01068/data/418697544
5.65136,-0.18566,71.36,30.11,9434,9436,9435,25.375,91.358,31.401,MOD-PM-01068,2023-11-16T07:39:51,2023-11-16T07:39:51,https://api.quant-aq.com/device-api/v1/devices/MOD-PM-01068/data/418697545
5.65136,-0.18566,71.58,30.08,9434,9436,9435,24.532,124.489,30.569,MOD-PM-01068,2023-11-16T07:38:51,2023-11-16T07:38:51,https://api.quant-aq.com/device-api/v1/devices/MOD-PM-01068/data/418680969
5.65136,-0.18566,71.54,30.04,9434,9436,9435,23.672,109.243,29.792,MOD-PM-01068,2023-11-16T07:37:51,2023-11-16T07:37:51,https://api.quant-aq.com/device-api/v1/devices/MOD-PM-01068/data/418680963
5.65136,-0.18566,71.99,30.01,9434,9436,9435,24.018,119.144,30.122,MOD-PM-01068,2023-11-16T07:36:51,2023-11-16T07:36:51,https://api.quant-aq.com/device-api/v1/devices/MOD-PM-01068/data/418680961
5.65136,-0.18566,72.08,29.96,9434,9436,9435,24.672,116.252,30.715,MOD-PM-01068,2023-11-16T07:35:51,2023-11-16T07:35:51,https://api.quant-aq.com/device-api/v1/devices/MOD-PM-01068/data/418680966
5.65136,-0.18566,72.23,29.92,9434,9436,9435,25.761,69.707,31.591,MOD-PM-01068,2023-11-16T07:34:51,2023-11-16T07:34:51,https://api.quant-aq.com/device-api/v1/devices/MOD-PM-01068/data/418668563
5.65136,-0.18566,72.35,29.86,9434,9436,9435,34.013,88.098,40.464,MOD-PM-01068,2023-11-16T07:33:51,2023-11-16T07:33:51,https://api.quant-aq.com/device-api/v1/devices/MOD-PM-01068/data/418668567
5.65136,-0.18566,72.58,29.83,9434,9436,9435,33.371,74.864,39.539,MOD-PM-01068,2023-11-16T07:32:51,2023-11-16T07:32:51,https://api.quant-aq.com/device-api/v1/devices/MOD-PM-01068/data/418668565
5.65136,-0.18566,72.66,29.8,9434,9436,9435,26.315,150.287,32.754,MOD-PM-01068,2023-11-16T07:31:51,2023-11-16T07:31:51,https://api.quant-aq.com/device-api/v1/devices/MOD-PM-01068/data/418668564
5.65136,-0.18566,73.04,29.75,9434,9436,9435,29.017,83.684,35.591,MOD-PM-01068,2023-11-16T07:30:51,2023-11-16T07:30:51,https://api.quant-aq.com/device-api/v1/devices/MOD-PM-01068/data/418668566
5.65136,-0.18566,72.97,29.72,9434,9436,9435,28.252,115.791,35.127,MOD-PM-01068,2023-11-16T07:29:51,2023-11-16T07:29:51,https://api.quant-aq.com/device-api/v1/devices/MOD-PM-01068/data/418667918
5.65136,-0.18566,72.97,29.68,9434,9436,9435,29.519,91.451,35.977,MOD-PM-01068,2023-11-16T07:28:51,2023-11-16T07:28:51,https://api.quant-aq.com/device-api/v1/devices/MOD-PM-01068/data/418667917
5.65136,-0.18566,73.09,29.66,9434,9436,9435,26.901,100.718,34.102,MOD-PM-01068,2023-11-16T07:27:51,2023-11-16T07:27:51,https://api.quant-aq.com/device-api/v1/devices/MOD-PM-01068/data/418667914
5.65136,-0.18566,73.08,29.63,9434,9436,9435,27.373,95.585,34.739,MOD-PM-01068,2023-11-16T07:26:51,2023-11-16T07:26:51,https://api.quant-aq.com/device-api/v1/devices/MOD-PM-01068/data/418667915
5.65136,-0.18566,73,29.61,9434,9436,9435,24.899,72.917,30.85,MOD-PM-01068,2023-11-16T07:25:51,2023-11-16T07:25:51,https://api.quant-aq.com/device-api/v1/devices/MOD-PM-01068/data/418667916
5.65136,-0.18566,73.03,29.59,9434,9436,9435,27.112,90.037,32.913,MOD-PM-01068,2023-11-16T07:24:51,2023-11-16T07:24:51,https://api.quant-aq.com/device-api/v1/devices/MOD-PM-01068/data/418666341
5.65136,-0.18566,73.22,29.57,9434,9436,9435,24.739,110.931,31.411,MOD-PM-01068,2023-11-16T07:23:51,2023-11-16T07:23:51,https://api.quant-aq.com/device-api/v1/devices/MOD-PM-01068/data/418666339
5.65136,-0.18566,73.24,29.55,9434,9436,9435,26.439,114.324,32.571,MOD-PM-01068,2023-11-16T07:22:51,2023-11-16T07:22:51,https://api.quant-aq.com/device-api/v1/devices/MOD-PM-01068/data/418666338
5.65136,-0.18566,73.15,29.54,9434,9436,9435,23.663,117.401,30.084,MOD-PM-01068,2023-11-16T07:21:51,2023-11-16T07:21:51,https://api.quant-aq.com/device-api/v1/devices/MOD-PM-01068/data/418666340
5.65136,-0.18566,73.27,29.53,9434,9436,9435,24.118,108.788,30.603,MOD-PM-01068,2023-11-16T07:20:51,2023-11-16T07:20:51,https://api.quant-aq.com/device-api/v1/devices/MOD-PM-01068/data/418666337
5.65136,-0.18566,73.28,29.51,9434,9436,9435,23.973,120.508,31.189,MOD-PM-01068,2023-11-16T07:19:51,2023-11-16T07:19:51,https://api.quant-aq.com/device-api/v1/devices/MOD-PM-01068/data/418664545
5.65136,-0.18566,73.56,29.5,9434,9436,9435,26.106,122.979,32.934,MOD-PM-01068,2023-11-16T07:18:51,2023-11-16T07:18:51,https://api.quant-aq.com/device-api/v1/devices/MOD-PM-01068/data/418664546
5.65136,-0.18566,73.6,29.48,9434,9436,9435,24.219,116.234,30.609,MOD-PM-01068,2023-11-16T07:17:51,2023-11-16T07:17:51,https://api.quant-aq.com/device-api/v1/devices/MOD-PM-01068/data/418664547
5.65136,-0.18566,73.69,29.46,9434,9436,9435,35.933,80.245,42.453,MOD-PM-01068,2023-11-16T07:16:51,2023-11-16T07:16:51,https://api.quant-aq.com/device-api/v1/devices/MOD-PM-01068/data/418664544
5.65136,-0.18566,73.75,29.43,9434,9436,9435,44.349,156.354,50.835,MOD-PM-01068,2023-11-16T07:15:51,2023-11-16T07:15:51,https://api.quant-aq.com/device-api/v1/devices/MOD-PM-01068/data/418661834
5.65136,-0.18566,73.75,29.42,9434,9436,9435,38.871,117.781,45.391,MOD-PM-01068,2023-11-16T07:14:51,2023-11-16T07:14:51,https://api.quant-aq.com/device-api/v1/devices/MOD-PM-01068/data/418661832
5.65136,-0.18566,74.04,29.4,9434,9436,9435,36.688,89.594,43.055,MOD-PM-01068,2023-11-16T07:13:51,2023-11-16T07:13:51,https://api.quant-aq.com/device-api/v1/devices/MOD-PM-01068/data/418661833
5.65136,-0.18566,74.09,29.37,9434,9436,9435,32.163,85.738,39.145,MOD-PM-01068,2023-11-16T07:12:51,2023-11-16T07:12:51,https://api.quant-aq.com/device-api/v1/devices/MOD-PM-01068/data/418661830
5.65136,-0.18566,74.1,29.35,9434,9436,9435,20.541,95.614,27.226,MOD-PM-01068,2023-11-16T07:11:51,2023-11-16T07:11:51,https://api.quant-aq.com/device-api/v1/devices/MOD-PM-01068/data/418661831
5.65136,-0.18566,74.16,29.33,9434,9436,9435,29.853,141.367,36.257,MOD-PM-01068,2023-11-16T07:10:51,2023-11-16T07:10:51,https://api.quant-aq.com/device-api/v1/devices/MOD-PM-01068/data/418657546
5.65136,-0.18566,74.39,29.31,9434,9436,9435,29.788,109.357,36.551,MOD-PM-01068,2023-11-16T07:09:51,2023-11-16T07:09:51,https://api.quant-aq.com/device-api/v1/devices/MOD-PM-01068/data/418657545
5.65136,-0.18566,74.36,29.28,9434,9436,9435,31.293,117.124,37.713,MOD-PM-01068,2023-11-16T07:08:51,2023-11-16T07:08:51,https://api.quant-aq.com/device-api/v1/devices/MOD-PM-01068/data/418657544
5.65136,-0.18566,74.33,29.25,9434,9436,9435,29.804,113.688,36.565,MOD-PM-01068,2023-11-16T07:07:51,2023-11-16T07:07:51,https://api.quant-aq.com/device-api/v1/devices/MOD-PM-01068/data/418657543
5.65136,-0.18566,74.62,29.24,9434,9436,9435,30.047,88.695,36.713,MOD-PM-01068,2023-11-16T07:06:51,2023-11-16T07:06:51,https://api.quant-aq.com/device-api/v1/devices/MOD-PM-01068/data/418647199
5.65136,-0.18566,74.75,29.21,9434,9436,9435,29.438,148.743,36.099,MOD-PM-01068,2023-11-16T07:05:51,2023-11-16T07:05:51,https://api.quant-aq.com/device-api/v1/devices/MOD-PM-01068/data/418647197
5.65136,-0.18566,74.57,29.19,9434,9436,9435,26.434,76.106,32.818,MOD-PM-01068,2023-11-16T07:04:51,2023-11-16T07:04:51,https://api.quant-aq.com/device-api/v1/devices/MOD-PM-01068/data/418647196
5.65136,-0.18566,74.8,29.17,9434,9436,9435,27.591,115.768,34.764,MOD-PM-01068,2023-11-16T07:03:51,2023-11-16T07:03:51,https://api.quant-aq.com/device-api/v1/devices/MOD-PM-01068/data/418647198
5.65136,-0.18566,74.91,29.14,9434,9436,9435,28.676,133.344,35.053,MOD-PM-01068,2023-11-16T07:02:51,2023-11-16T07:02:51,https://api.quant-aq.com/device-api/v1/devices/MOD-PM-01068/data/418647195
5.65136,-0.18566,74.97,29.11,9434,9436,9435,26.936,80.332,33.248,MOD-PM-01068,2023-11-16T07:01:51,2023-11-16T07:01:51,https://api.quant-aq.com/device-api/v1/devices/MOD-PM-01068/data/418641880
5.65136,-0.18566,74.9,29.08,9434,9436,9435,26.849,95.601,33.459,MOD-PM-01068,2023-11-16T07:00:51,2023-11-16T07:00:51,https://api.quant-aq.com/device-api/v1/devices/MOD-PM-01068/data/418641883
5.65136,-0.18566,74.99,29.06,9434,9436,9435,28.078,110.792,34.984,MOD-PM-01068,2023-11-16T06:59:51,2023-11-16T06:59:51,https://api.quant-aq.com/device-api/v1/devices/MOD-PM-01068/data/418641885
5.65136,-0.18566,75.07,29.03,9434,9436,9435,26.233,104.054,34.075,MOD-PM-01068,2023-11-16T06:58:51,2023-11-16T06:58:51,https://api.quant-aq.com/device-api/v1/devices/MOD-PM-01068/data/418641881
5.65136,-0.18566,75.1,29.01,9434,9436,9435,24.911,61.896,31.133,MOD-PM-01068,2023-11-16T06:57:51,2023-11-16T06:57:51,https://api.quant-aq.com/device-api/v1/devices/MOD-PM-01068/data/418641884
5.65136,-0.18566,75.52,28.98,9434,9436,9435,27.202,75.824,34.064,MOD-PM-01068,2023-11-16T06:56:50,2023-11-16T06:56:50,https://api.quant-aq.com/device-api/v1/devices/MOD-PM-01068/data/418640915
5.65136,-0.18566,75.78,28.94,9434,9436,9435,29.069,98.27,36.531,MOD-PM-01068,2023-11-16T06:55:50,2023-11-16T06:55:50,https://api.quant-aq.com/device-api/v1/devices/MOD-PM-01068/data/418640913
5.65136,-0.18566,75.89,28.92,9434,9436,9435,28.713,126.039,36.006,MOD-PM-01068,2023-11-16T06:54:50,2023-11-16T06:54:50,https://api.quant-aq.com/device-api/v1/devices/MOD-PM-01068/data/418640910
5.65136,-0.18566,38.67,31.39,9434,9436,9435,11.679,68.906,18.514,MOD-PM-01068,2023-11-17T10:54:06,2023-11-17T10:54:06,https://api.quant-aq.com/device-api/v1/devices/MOD-PM-01068/data/419403298
5.65136,-0.18566,38.15,31.6,9434,9436,9435,11.316,66.397,18.204,MOD-PM-01068,2023-11-17T10:53:10,2023-11-17T10:53:10,https://api.quant-aq.com/device-api/v1/devices/MOD-PM-01068/data/419403301
5.65136,-0.18566,37.94,31.86,9434,9436,9435,11.762,106.92,18.962,MOD-PM-01068,2023-11-17T10:52:06,2023-11-17T10:52:06,https://api.quant-aq.com/device-api/v1/devices/MOD-PM-01068/data/419403297
5.65136,-0.18566,37.56,32.17,9434,9436,9435,12.97,132.137,21.208,MOD-PM-01068,2023-11-17T10:51:06,2023-11-17T10:51:06,https://api.quant-aq.com/device-api/v1/devices/MOD-PM-01068/data/419403300
5.65136,-0.18566,36.66,32.54,9434,9436,9435,11.819,54.4,19.926,MOD-PM-01068,2023-11-17T10:50:06,2023-11-17T10:50:06,https://api.quant-aq.com/device-api/v1/devices/MOD-PM-01068/data/419403299
5.65136,-0.18566,31.85,35.04,9434,9436,9435,11.704,65.957,18.683,MOD-PM-01068,2023-11-17T10:33:53,2023-11-17T10:33:53,https://api.quant-aq.com/device-api/v1/devices/MOD-PM-01068/data/419391362
5.65136,-0.18566,31.39,35.33,9434,9436,9435,12.517,117.327,19.957,MOD-PM-01068,2023-11-17T10:32:53,2023-11-17T10:32:53,https://api.quant-aq.com/device-api/v1/devices/MOD-PM-01068/data/419391361
5.65136,-0.18566,31.14,35.62,9434,9436,9435,12.979,107.647,21.001,MOD-PM-01068,2023-11-17T10:31:50,2023-11-17T10:31:50,https://api.quant-aq.com/device-api/v1/devices/MOD-PM-01068/data/419391358
5.65136,-0.18566,30.51,35.91,9434,9436,9435,12.128,55.094,18.588,MOD-PM-01068,2023-11-17T10:30:53,2023-11-17T10:30:53,https://api.quant-aq.com/device-api/v1/devices/MOD-PM-01068/data/419391359
5.65136,-0.18566,30.14,36.23,9434,9436,9435,12.111,49.776,19.42,MOD-PM-01068,2023-11-17T10:29:52,2023-11-17T10:29:52,https://api.quant-aq.com/device-api/v1/devices/MOD-PM-01068/data/419391360
5.65136,-0.18566,29.61,36.55,9434,9436,9435,12.296,80.868,19.514,MOD-PM-01068,2023-11-17T10:28:51,2023-11-17T10:28:51,https://api.quant-aq.com/device-api/v1/devices/MOD-PM-01068/data/419387410
5.65136,-0.18566,29.11,36.89,9434,9436,9435,10.895,96.943,18.672,MOD-PM-01068,2023-11-17T10:27:50,2023-11-17T10:27:50,https://api.quant-aq.com/device-api/v1/devices/MOD-PM-01068/data/419387414
5.65136,-0.18566,28.55,37.22,9434,9436,9435,11.42,80.999,18.098,MOD-PM-01068,2023-11-17T10:26:50,2023-11-17T10:26:50,https://api.quant-aq.com/device-api/v1/devices/MOD-PM-01068/data/419387412
5.65136,-0.18566,28.1,37.64,9434,9436,9435,11.4,60.632,17.53,MOD-PM-01068,2023-11-17T10:25:52,2023-11-17T10:25:52,https://api.quant-aq.com/device-api/v1/devices/MOD-PM-01068/data/419387413
5.65136,-0.18566,27.47,38.08,9434,9436,9435,11.812,76.453,17.771,MOD-PM-01068,2023-11-17T10:24:49,2023-11-17T10:24:49,https://api.quant-aq.com/device-api/v1/devices/MOD-PM-01068/data/419387411
5.65136,-0.18566,75.9,28.92,9434,9436,9435,3.394,26.633,5.092,MOD-PM-01068,2023-11-16T23:39:51,2023-11-16T23:39:51,https://api.quant-aq.com/device-api/v1/devices/MOD-PM-01068/data/419382786
5.65136,-0.18566,75.92,28.93,9434,9436,9435,3.894,27.01,5.673,MOD-PM-01068,2023-11-16T23:38:51,2023-11-16T23:38:51,https://api.quant-aq.com/device-api/v1/devices/MOD-PM-01068/data/419382789
5.65136,-0.18566,75.87,28.92,9434,9436,9435,4.046,51.115,5.919,MOD-PM-01068,2023-11-16T23:37:51,2023-11-16T23:37:51,https://api.quant-aq.com/device-api/v1/devices/MOD-PM-01068/data/419382788
5.65136,-0.18566,75.78,28.93,9434,9436,9435,3.971,23.823,5.384,MOD-PM-01068,2023-11-16T23:36:51,2023-11-16T23:36:51,https://api.quant-aq.com/device-api/v1/devices/MOD-PM-01068/data/419382790
5.65136,-0.18566,75.74,28.93,9434,9436,9435,2.89,22.196,4.588,MOD-PM-01068,2023-11-16T23:35:51,2023-11-16T23:35:51,https://api.quant-aq.com/device-api/v1/devices/MOD-PM-01068/data/419382787
5.65136,-0.18566,75.77,28.94,9434,9436,9435,3.84,41.866,5.734,MOD-PM-01068,2023-11-16T23:34:51,2023-11-16T23:34:51,https://api.quant-aq.com/device-api/v1/devices/MOD-PM-01068/data/419382288
5.65136,-0.18566,75.71,28.93,9434,9436,9435,3.191,10.787,4.636,MOD-PM-01068,2023-11-16T23:33:51,2023-11-16T23:33:51,https://api.quant-aq.com/device-api/v1/devices/MOD-PM-01068/data/419382290
5.65136,-0.18566,75.69,28.95,9434,9436,9435,3.488,12.504,5.117,MOD-PM-01068,2023-11-16T23:32:51,2023-11-16T23:32:51,https://api.quant-aq.com/device-api/v1/devices/MOD-PM-01068/data/419382289
5.65136,-0.18566,75.68,28.94,9434,9436,9435,2.978,17.793,4.428,MOD-PM-01068,2023-11-16T23:31:51,2023-11-16T23:31:51,https://api.quant-aq.com/device-api/v1/devices/MOD-PM-01068/data/419382292
5.65136,-0.18566,75.67,28.95,9434,9436,9435,2.995,8.652,4.247,MOD-PM-01068,2023-11-16T23:30:51,2023-11-16T23:30:51,https://api.quant-aq.com/device-api/v1/devices/MOD-PM-01068/data/419382291
5.65136,-0.18566,75.64,28.94,9434,9436,9435,3.186,60.293,4.498,MOD-PM-01068,2023-11-16T23:29:51,2023-11-16T23:29:51,https://api.quant-aq.com/device-api/v1/devices/MOD-PM-01068/data/419373741
5.65136,-0.18566,75.62,28.96,9434,9436,9435,2.926,26.913,4.672,MOD-PM-01068,2023-11-16T23:28:51,2023-11-16T23:28:51,https://api.quant-aq.com/device-api/v1/devices/MOD-PM-01068/data/419373744
5.65136,-0.18566,75.59,28.96,9434,9436,9435,3.027,18.57,4.462,MOD-PM-01068,2023-11-16T23:27:51,2023-11-16T23:27:51,https://api.quant-aq.com/device-api/v1/devices/MOD-PM-01068/data/419373743
5.65136,-0.18566,75.54,28.96,9434,9436,9435,3.392,28.09,4.923,MOD-PM-01068,2023-11-16T23:26:51,2023-11-16T23:26:51,https://api.quant-aq.com/device-api/v1/devices/MOD-PM-01068/data/419373745
5.65136,-0.18566,75.51,28.96,9434,9436,9435,3.401,47.279,4.87,MOD-PM-01068,2023-11-16T23:25:51,2023-11-16T23:25:51,https://api.quant-aq.com/device-api/v1/devices/MOD-PM-01068/data/419373742
5.65136,-0.18566,75.49,28.97,9434,9436,9435,3.157,23.656,4.543,MOD-PM-01068,2023-11-16T23:24:51,2023-11-16T23:24:51,https://api.quant-aq.com/device-api/v1/devices/MOD-PM-01068/data/419370366
5.65136,-0.18566,75.45,28.97,9434,9436,9435,3.576,29.384,4.753,MOD-PM-01068,2023-11-16T23:23:51,2023-11-16T23:23:51,https://api.quant-aq.com/device-api/v1/devices/MOD-PM-01068/data/419370362
5.65136,-0.18566,75.45,28.99,9434,9436,9435,3.383,33.999,4.824,MOD-PM-01068,2023-11-16T23:22:51,2023-11-16T23:22:51,https://api.quant-aq.com/device-api/v1/devices/MOD-PM-01068/data/419370361
5.65136,-0.18566,75.37,28.99,9434,9436,9435,3.707,10.396,5.125,MOD-PM-01068,2023-11-16T23:21:51,2023-11-16T23:21:51,https://api.quant-aq.com/device-api/v1/devices/MOD-PM-01068/data/419370359
5.65136,-0.18566,75.33,28.99,9434,9436,9435,3.321,15.256,4.851,MOD-PM-01068,2023-11-16T23:20:51,2023-11-16T23:20:51,https://api.quant-aq.com/device-api/v1/devices/MOD-PM-01068/data/419370360
5.65136,-0.18566,75.31,29,9434,9436,9435,3.532,32.584,4.934,MOD-PM-01068,2023-11-16T23:19:51,2023-11-16T23:19:51,https://api.quant-aq.com/device-api/v1/devices/MOD-PM-01068/data/419369818
5.65136,-0.18566,75.26,29.01,9434,9436,9435,3.223,14.939,4.592,MOD-PM-01068,2023-11-16T23:18:51,2023-11-16T23:18:51,https://api.quant-aq.com/device-api/v1/devices/MOD-PM-01068/data/419369817
5.65136,-0.18566,75.24,29.01,9434,9436,9435,3.581,21.858,5.177,MOD-PM-01068,2023-11-16T23:17:51,2023-11-16T23:17:51,https://api.quant-aq.com/device-api/v1/devices/MOD-PM-01068/data/419369816
5.65136,-0.18566,75.23,29.02,9434,9436,9435,3.708,17.934,5.105,MOD-PM-01068,2023-11-16T23:16:51,2023-11-16T23:16:51,https://api.quant-aq.com/device-api/v1/devices/MOD-PM-01068/data/419369815
5.65136,-0.18566,75.14,29.03,9434,9436,9435,3.217,22.895,4.924,MOD-PM-01068,2023-11-16T23:15:51,2023-11-16T23:15:51,https://api.quant-aq.com/device-api/v1/devices/MOD-PM-01068/data/419369813
5.65136,-0.18566,75.11,29.03,9434,9436,9435,3.326,19.131,4.671,MOD-PM-01068,2023-11-16T23:14:51,2023-11-16T23:14:51,https://api.quant-aq.com/device-api/v1/devices/MOD-PM-01068/data/419368315
5.65136,-0.18566,75.09,29.03,9434,9436,9435,3.335,21.078,5.162,MOD-PM-01068,2023-11-16T23:13:51,2023-11-16T23:13:51,https://api.quant-aq.com/device-api/v1/devices/MOD-PM-01068/data/419368314
5.65136,-0.18566,75.04,29.04,9434,9436,9435,3.041,23.455,4.783,MOD-PM-01068,2023-11-16T23:12:51,2023-11-16T23:12:51,https://api.quant-aq.com/device-api/v1/devices/MOD-PM-01068/data/419368316
5.65136,-0.18566,75.02,29.05,9434,9436,9435,3.358,18.598,4.627,MOD-PM-01068,2023-11-16T23:11:51,2023-11-16T23:11:51,https://api.quant-aq.com/device-api/v1/devices/MOD-PM-01068/data/419368317
5.65136,-0.18566,74.94,29.05,9434,9436,9435,3.408,33.135,4.951,MOD-PM-01068,2023-11-16T23:10:51,2023-11-16T23:10:51,https://api.quant-aq.com/device-api/v1/devices/MOD-PM-01068/data/419368313
5.65136,-0.18566,74.91,29.06,9434,9436,9435,3.306,33.499,5.41,MOD-PM-01068,2023-11-16T23:09:51,2023-11-16T23:09:51,https://api.quant-aq.com/device-api/v1/devices/MOD-PM-01068/data/419368119
5.65136,-0.18566,74.9,29.07,9434,9436,9435,3.228,36.285,4.501,MOD-PM-01068,2023-11-16T23:08:51,2023-11-16T23:08:51,https://api.quant-aq.com/device-api/v1/devices/MOD-PM-01068/data/419368120
5.65136,-0.18566,74.86,29.08,9434,9436,9435,3.751,15.73,5.208,MOD-PM-01068,2023-11-16T23:07:51,2023-11-16T23:07:51,https://api.quant-aq.com/device-api/v1/devices/MOD-PM-01068/data/419368118
5.65136,-0.18566,74.83,29.08,9434,9436,9435,3.692,11.057,5.268,MOD-PM-01068,2023-11-16T23:06:51,2023-11-16T23:06:51,https://api.quant-aq.com/device-api/v1/devices/MOD-PM-01068/data/419368117
5.65136,-0.18566,74.81,29.08,9434,9436,9435,4.822,11.844,6.005,MOD-PM-01068,2023-11-16T23:05:51,2023-11-16T23:05:51,https://api.quant-aq.com/device-api/v1/devices/MOD-PM-01068/data/4193681165.6
5136,-0.18566,45.43,38.24,9434,9436,9435,12.654,144.94,24.872,MOD-PM-01068,2023-11-21T13:03:42,2023-11-21T13:03:42,https://api.quant-aq.com/device-api/v1/devices/MOD-PM-01068/data/420758025
5.65136,-0.18566,45.33,38.31,9434,9436,9435,12.771,148.888,24.176,MOD-PM-01068,2023-11-21T13:02:42,2023-11-21T13:02:42,https://api.quant-aq.com/device-api/v1/devices/MOD-PM-01068/data/420758023
5.65136,-0.18566,45.01,38.4,9434,9436,9435,18.09,154.836,28.957,MOD-PM-01068,2023-11-21T13:01:42,2023-11-21T13:01:42,https://api.quant-aq.com/device-api/v1/devices/MOD-PM-01068/data/420758022
5.65136,-0.18566,44.95,38.48,9434,9436,9435,14.157,119.493,25.256,MOD-PM-01068,2023-11-21T13:00:42,2023-11-21T13:00:42,https://api.quant-aq.com/device-api/v1/devices/MOD-PM-01068/data/420758024
5.65136,-0.18566,44.86,38.57,9434,9436,9435,16.763,167.08,27.478,MOD-PM-01068,2023-11-21T12:59:42,2023-11-21T12:59:42,https://api.quant-aq.com/device-api/v1/devices/MOD-PM-01068/data/420722385
5.65136,-0.18566,44.51,38.64,9434,9436,9435,18.072,115.45,28.943,MOD-PM-01068,2023-11-21T12:58:42,2023-11-21T12:58:42,https://api.quant-aq.com/device-api/v1/devices/MOD-PM-01068/data/420722388
5.65136,-0.18566,44.64,38.71,9434,9436,9435,15.867,137.003,26.861,MOD-PM-01068,2023-11-21T12:57:42,2023-11-21T12:57:42,https://api.quant-aq.com/device-api/v1/devices/MOD-PM-01068/data/420722384
5.65136,-0.18566,44.52,38.76,9434,9436,9435,15.296,106.765,25.863,MOD-PM-01068,2023-11-21T12:56:42,2023-11-21T12:56:42,https://api.quant-aq.com/device-api/v1/devices/MOD-PM-01068/data/420722386
5.65136,-0.18566,44.36,38.82,9434,9436,9435,16.608,104.293,27.051,MOD-PM-01068,2023-11-21T12:55:42,2023-11-21T12:55:42,https://api.quant-aq.com/device-api/v1/devices/MOD-PM-01068/data/420713811
5.65136,-0.18566,44.19,38.92,9434,9436,9435,16.704,107.855,26.938,MOD-PM-01068,2023-11-21T12:54:42,2023-11-21T12:54:42,https://api.quant-aq.com/device-api/v1/devices/MOD-PM-01068/data/420713809
5.65136,-0.18566,43.86,39.01,9434,9436,9435,18.003,117.977,29.051,MOD-PM-01068,2023-11-21T12:53:42,2023-11-21T12:53:42,https://api.quant-aq.com/device-api/v1/devices/MOD-PM-01068/data/420713807
5.65136,-0.18566,43.46,39.12,9434,9436,9435,18.034,150.789,29.382,MOD-PM-01068,2023-11-21T12:52:42,2023-11-21T12:52:42,https://api.quant-aq.com/device-api/v1/devices/MOD-PM-01068/data/420713810
5.65136,-0.18566,43.67,39.22,9434,9436,9435,17.691,137.809,29.458,MOD-PM-01068,2023-11-21T12:51:42,2023-11-21T12:51:42,https://api.quant-aq.com/device-api/v1/devices/MOD-PM-01068/data/420713808
5.65136,-0.18566,43.6,39.32,9434,9436,9435,17.913,94.412,29.005,MOD-PM-01068,2023-11-21T12:50:42,2023-11-21T12:50:42,https://api.quant-aq.com/device-api/v1/devices/MOD-PM-01068/data/420709355
5.65136,-0.18566,43.15,39.41,9434,9436,9435,19.137,88.933,29.041,MOD-PM-01068,2023-11-21T12:49:42,2023-11-21T12:49:42,https://api.quant-aq.com/device-api/v1/devices/MOD-PM-01068/data/420709358
5.65136,-0.18566,42.67,39.5,9434,9436,9435,19.331,103.431,29.597,MOD-PM-01068,2023-11-21T12:48:42,2023-11-21T12:48:42,https://api.quant-aq.com/device-api/v1/devices/MOD-PM-01068/data/420709359
5.65136,-0.18566,42.81,39.61,9434,9436,9435,17.424,96.803,28.645,MOD-PM-01068,2023-11-21T12:47:42,2023-11-21T12:47:42,https://api.quant-aq.com/device-api/v1/devices/MOD-PM-01068/data/420709357
5.65136,-0.18566,42.66,39.7,9434,9436,9435,17.864,116.234,30.255,MOD-PM-01068,2023-11-21T12:46:42,2023-11-21T12:46:42,https://api.quant-aq.com/device-api/v1/devices/MOD-PM-01068/data/420709356
5.65136,-0.18566,42.19,39.79,9434,9436,9435,12.808,137.013,24.3,MOD-PM-01068,2023-11-21T12:45:42,2023-11-21T12:45:42,https://api.quant-aq.com/device-api/v1/devices/MOD-PM-01068/data/420709115
5.65136,-0.18566,42.17,39.85,9434,9436,9435,9.225,196.502,20.878,MOD-PM-01068,2023-11-21T12:44:42,2023-11-21T12:44:42,https://api.quant-aq.com/device-api/v1/devices/MOD-PM-01068/data/420709117
5.65136,-0.18566,42.31,39.86,9434,9436,9435,12.072,176.667,24.275,MOD-PM-01068,2023-11-21T12:43:42,2023-11-21T12:43:42,https://api.quant-aq.com/device-api/v1/devices/MOD-PM-01068/data/420709119
5.65136,-0.18566,42.29,39.86,9434,9436,9435,18.598,119.269,28.541,MOD-PM-01068,2023-11-21T12:42:42,2023-11-21T12:42:42,https://api.quant-aq.com/device-api/v1/devices/MOD-PM-01068/data/420709114
5.65136,-0.18566,42.65,39.83,9434,9436,9435,18.087,150.594,30.614,MOD-PM-01068,2023-11-21T12:41:42,2023-11-21T12:41:42,https://api.quant-aq.com/device-api/v1/devices/MOD-PM-01068/data/420709118
5.65136,-0.18566,43.07,39.72,9434,9436,9435,17.925,106.806,28.316,MOD-PM-01068,2023-11-21T12:40:42,2023-11-21T12:40:42,https://api.quant-aq.com/device-api/v1/devices/MOD-PM-01068/data/420703576
5.65136,-0.18566,43.02,39.62,9434,9436,9435,17.801,134.531,28.113,MOD-PM-01068,2023-11-21T12:39:42,2023-11-21T12:39:42,https://api.quant-aq.com/device-api/v1/devices/MOD-PM-01068/data/420703573
5.65136,-0.18566,43.07,39.54,9434,9436,9435,17.59,96.742,28.424,MOD-PM-01068,2023-11-21T12:38:42,2023-11-21T12:38:42,https://api.quant-aq.com/device-api/v1/devices/MOD-PM-01068/data/420703572
5.65136,-0.18566,42.8,39.52,9434,9436,9435,16.261,105.197,28.778,MOD-PM-01068,2023-11-21T12:37:42,2023-11-21T12:37:42,https://api.quant-aq.com/device-api/v1/devices/MOD-PM-01068/data/420703575
5.65136,-0.18566,42.92,39.48,9434,9436,9435,17.065,166.795,28.529,MOD-PM-01068,2023-11-21T12:36:42,2023-11-21T12:36:42,https://api.quant-aq.com/device-api/v1/devices/MOD-PM-01068/data/420703574
5.65136,-0.18566,42.95,39.43,9434,9436,9435,15.918,69.26,28.206,MOD-PM-01068,2023-11-21T12:35:42,2023-11-21T12:35:42,https://api.quant-aq.com/device-api/v1/devices/MOD-PM-01068/data/420686722
5.65136,-0.18566,42.72,39.35,9434,9436,9435,18.59,116.171,30.455,MOD-PM-01068,2023-11-21T12:34:42,2023-11-21T12:34:42,https://api.quant-aq.com/device-api/v1/devices/MOD-PM-01068/data/420686718
5.65136,-0.18566,42.96,39.28,9434,9436,9435,17.414,125.236,28.779,MOD-PM-01068,2023-11-21T12:33:42,2023-11-21T12:33:42,https://api.quant-aq.com/device-api/v1/devices/MOD-PM-01068/data/420686721
5.65136,-0.18566,43.2,39.21,9434,9436,9435,18.394,110.922,30.686,MOD-PM-01068,2023-11-21T12:32:42,2023-11-21T12:32:42,https://api.quant-aq.com/device-api/v1/devices/MOD-PM-01068/data/420686720
5.65136,-0.18566,43.44,39.16,9434,9436,9435,18.32,145.37,28.342,MOD-PM-01068,2023-11-21T12:31:42,2023-11-21T12:31:42,https://api.quant-aq.com/device-api/v1/devices/MOD-PM-01068/data/420686719
5.65136,-0.18566,43.55,39.14,9434,9436,9435,18.654,133.647,29.502,MOD-PM-01068,2023-11-21T12:30:42,2023-11-21T12:30:42,https://api.quant-aq.com/device-api/v1/devices/MOD-PM-01068/data/420685493
5.65136,-0.18566,43.64,39.12,9434,9436,9435,20.138,95.253,30.897,MOD-PM-01068,2023-11-21T12:29:42,2023-11-21T12:29:42,https://api.quant-aq.com/device-api/v1/devices/MOD-PM-01068/data/420685492
5.65136,-0.18566,43.58,39.13,9434,9436,9435,19.57,100.832,30.507,MOD-PM-01068,2023-11-21T12:28:42,2023-11-21T12:28:42,https://api.quant-aq.com/device-api/v1/devices/MOD-PM-01068/data/420685489
5.65136,-0.18566,43.46,39.14,9434,9436,9435,18.762,72.72,29.667,MOD-PM-01068,2023-11-21T12:27:42,2023-11-21T12:27:42,https://api.quant-aq.com/device-api/v1/devices/MOD-PM-01068/data/420685488
5.65136,-0.18566,43.44,39.14,9434,9436,9435,18.077,138.448,28.855,MOD-PM-01068,2023-11-21T12:26:42,2023-11-21T12:26:42,https://api.quant-aq.com/device-api/v1/devices/MOD-PM-01068/data/420685079
5.65136,-0.18566,43.6,39.14,9434,9436,9435,18.533,105.971,29.576,MOD-PM-01068,2023-11-21T12:25:42,2023-11-21T12:25:42,https://api.quant-aq.com/device-api/v1/devices/MOD-PM-01068/data/420685076
5.65136,-0.18566,44.13,39.1,9434,9436,9435,18.2,103.45,28.037,MOD-PM-01068,2023-11-21T12:24:42,2023-11-21T12:24:42,https://api.quant-aq.com/device-api/v1/devices/MOD-PM-01068/data/420685077
5.65136,-0.18566,43.96,39.04,9434,9436,9435,17.477,97.168,29.608,MOD-PM-01068,2023-11-21T12:23:42,2023-11-21T12:23:42,https://api.quant-aq.com/device-api/v1/devices/MOD-PM-01068/data/420685078
5.65136,-0.18566,44.59,38.98,9434,9436,9435,18.85,151.609,29.692,MOD-PM-01068,2023-11-21T12:22:42,2023-11-21T12:22:42,https://api.quant-aq.com/device-api/v1/devices/MOD-PM-01068/data/420685080
5.65136,-0.18566,44.2,38.89,9434,9436,9435,13.939,109.298,25.649,MOD-PM-01068,2023-11-21T12:21:42,2023-11-21T12:21:42,https://api.quant-aq.com/device-api/v1/devices/MOD-PM-01068/data/420684051
5.65136,-0.18566,43.77,38.78,9434,9436,9435,13.24,109.094,25.445,MOD-PM-01068,2023-11-21T12:20:42,2023-11-21T12:20:42,https://api.quant-aq.com/device-api/v1/devices/MOD-PM-01068/data/420684052
5.65136,-0.18566,42.63,38.69,9434,9436,9435,17.12,111.209,29.009,MOD-PM-01068,2023-11-21T12:19:42,2023-11-21T12:19:42,https://api.quant-aq.com/device-api/v1/devices/MOD-PM-01068/data/420684049
5.65136,-0.18566,40.39,38.63,9434,9436,9435,12.733,96.841,26.169,MOD-PM-01068,2023-11-21T12:18:42,2023-11-21T12:18:42,https://api.quant-aq.com/device-api/v1/devices/MOD-PM-01068/data/420684053
5.65136,-0.18566,38.91,38.6,9434,9436,9435,14.912,112.091,28.382,MOD-PM-01068,2023-11-21T12:17:42,2023-11-21T12:17:42,https://api.quant-aq.com/device-api/v1/devices/MOD-PM-01068/data/420684050
5.65136,-0.18566,39.45,38.62,9434,9436,9435,15.605,77.199,27.596,MOD-PM-01068,2023-11-21T12:16:42,2023-11-21T12:16:42,https://api.quant-aq.com/device-api/v1/devices/MOD-PM-01068/data/420683928
5.65136,-0.18566,39.56,38.66,9434,9436,9435,13.482,122.162,25.144,MOD-PM-01068,2023-11-21T12:15:42,2023-11-21T12:15:42,https://api.quant-aq.com/device-api/v1/devices/MOD-PM-01068/data/420683929
5.65136,-0.18566,39.56,38.73,9434,9436,9435,17.242,71.314,28.463,MOD-PM-01068,2023-11-21T12:14:52,2023-11-21T12:14:52,https://api.quant-aq.com/device-api/v1/devices/MOD-PM-01068/data/420683927
5.65136,-0.18566,73.55,27.02,9434,9436,9435,16.017,180.247,22.647,MOD-PM-01068,2023-11-24T23:58:44,2023-11-24T23:58:44,https://api.quant-aq.com/device-api/v1/devices/MOD-PM-01068/data/421472706
5.65136,-0.18566,73.53,27.03,9434,9436,9435,16.773,213.512,23.443,MOD-PM-01068,2023-11-24T23:57:44,2023-11-24T23:57:44,https://api.quant-aq.com/device-api/v1/devices/MOD-PM-01068/data/421472708
5.65136,-0.18566,73.46,27.03,9434,9436,9435,14.727,202.043,21.495,MOD-PM-01068,2023-11-24T23:56:44,2023-11-24T23:56:44,https://api.quant-aq.com/device-api/v1/devices/MOD-PM-01068/data/421472707
5.65136,-0.18566,73.42,27.04,9434,9436,9435,14.79,239.441,21.465,MOD-PM-01068,2023-11-24T23:55:44,2023-11-24T23:55:44,https://api.quant-aq.com/device-api/v1/devices/MOD-PM-01068/data/421472705
5.65136,-0.18566,73.42,27.04,9434,9436,9435,16.269,269.291,22.732,MOD-PM-01068,2023-11-24T23:54:44,2023-11-24T23:54:44,https://api.quant-aq.com/device-api/v1/devices/MOD-PM-01068/data/421470894
5.65136,-0.18566,73.36,27.05,9434,9436,9435,13.852,312.507,21.743,MOD-PM-01068,2023-11-24T23:53:44,2023-11-24T23:53:44,https://api.quant-aq.com/device-api/v1/devices/MOD-PM-01068/data/421470893
5.65136,-0.18566,73.28,27.05,9434,9436,9435,11.952,241.092,18.274,MOD-PM-01068,2023-11-24T23:52:44,2023-11-24T23:52:44,https://api.quant-aq.com/device-api/v1/devices/MOD-PM-01068/data/421470895
5.65136,-0.18566,73.18,27.06,9434,9436,9435,11.899,205.854,18.709,MOD-PM-01068,2023-11-24T23:51:44,2023-11-24T23:51:44,https://api.quant-aq.com/device-api/v1/devices/MOD-PM-01068/data/421470892
5.65136,-0.18566,73.11,27.06,9434,9436,9435,11.716,254.418,18.406,MOD-PM-01068,2023-11-24T23:50:44,2023-11-24T23:50:44,https://api.quant-aq.com/device-api/v1/devices/MOD-PM-01068/data/421468985
5.65136,-0.18566,72.99,27.06,9434,9436,9435,13.661,220.582,20.432,MOD-PM-01068,2023-11-24T23:49:44,2023-11-24T23:49:44,https://api.quant-aq.com/device-api/v1/devices/MOD-PM-01068/data/421468984
5.65136,-0.18566,72.87,27.07,9434,9436,9435,14.423,255.868,20.838,MOD-PM-01068,2023-11-24T23:48:44,2023-11-24T23:48:44,https://api.quant-aq.com/device-api/v1/devices/MOD-PM-01068/data/421468983
5.65136,-0.18566,72.77,27.07,9434,9436,9435,10.979,217.215,18.424,MOD-PM-01068,2023-11-24T23:47:44,2023-11-24T23:47:44,https://api.quant-aq.com/device-api/v1/devices/MOD-PM-01068/data/421468982
5.65136,-0.18566,72.68,27.07,9434,9436,9435,14.83,231.342,19.906,MOD-PM-01068,2023-11-24T23:46:44,2023-11-24T23:46:44,https://api.quant-aq.com/device-api/v1/devices/MOD-PM-01068/data/421467171
5.65136,-0.18566,72.56,27.07,9434,9436,9435,13.232,235.865,20.011,MOD-PM-01068,2023-11-24T23:45:44,2023-11-24T23:45:44,https://api.quant-aq.com/device-api/v1/devices/MOD-PM-01068/data/421467170
5.65136,-0.18566,72.41,27.08,9434,9436,9435,18.485,211.617,24.717,MOD-PM-01068,2023-11-24T23:44:44,2023-11-24T23:44:44,https://api.quant-aq.com/device-api/v1/devices/MOD-PM-01068/data/421467169
5.65136,-0.18566,72.29,27.09,9434,9436,9435,15.651,250.901,22.601,MOD-PM-01068,2023-11-24T23:43:44,2023-11-24T23:43:44,https://api.quant-aq.com/device-api/v1/devices/MOD-PM-01068/data/421467172
5.65136,-0.18566,72.16,27.09,9434,9436,9435,14.87,226.31,21.131,MOD-PM-01068,2023-11-24T23:42:44,2023-11-24T23:42:44,https://api.quant-aq.com/device-api/v1/devices/MOD-PM-01068/data/421465339
5.65136,-0.18566,72.05,27.1,9434,9436,9435,15.615,240.932,22.313,MOD-PM-01068,2023-11-24T23:41:44,2023-11-24T23:41:44,https://api.quant-aq.com/device-api/v1/devices/MOD-PM-01068/data/421465337
5.65136,-0.18566,71.93,27.1,9434,9436,9435,15.718,247.379,22.435,MOD-PM-01068,2023-11-24T23:40:44,2023-11-24T23:40:44,https://api.quant-aq.com/device-api/v1/devices/MOD-PM-01068/data/421465335
5.65136,-0.18566,71.77,27.12,9434,9436,9435,17.439,187.44,24.413,MOD-PM-01068,2023-11-24T23:39:44,2023-11-24T23:39:44,https://api.quant-aq.com/device-api/v1/devices/MOD-PM-01068/data/421465338
5.65136,-0.18566,71.57,27.12,9434,9436,9435,16.529,178.288,22.884,MOD-PM-01068,2023-11-24T23:38:44,2023-11-24T23:38:44,https://api.quant-aq.com/device-api/v1/devices/MOD-PM-01068/data/421463367
5.65136,-0.18566,71.41,27.14,9434,9436,9435,15.738,163.863,22.923,MOD-PM-01068,2023-11-24T23:37:44,2023-11-24T23:37:44,https://api.quant-aq.com/device-api/v1/devices/MOD-PM-01068/data/421463368
5.65136,-0.18566,71.24,27.13,9434,9436,9435,8.806,246.813,15.621,MOD-PM-01068,2023-11-24T23:36:44,2023-11-24T23:36:44,https://api.quant-aq.com/device-api/v1/devices/MOD-PM-01068/data/421463365
5.65136,-0.18566,70.96,27.14,9434,9436,9435,14.669,140.524,20.252,MOD-PM-01068,2023-11-24T23:35:44,2023-11-24T23:35:44,https://api.quant-aq.com/device-api/v1/devices/MOD-PM-01068/data/421463369
5.65136,-0.18566,70.56,27.15,9434,9436,9435,12.009,165.078,17.514,MOD-PM-01068,2023-11-24T23:34:44,2023-11-24T23:34:44,https://api.quant-aq.com/device-api/v1/devices/MOD-PM-01068/data/421461545
5.65136,-0.18566,69.99,27.15,9434,9436,9435,15.28,213.075,20.61,MOD-PM-01068,2023-11-24T23:33:44,2023-11-24T23:33:44,https://api.quant-aq.com/device-api/v1/devices/MOD-PM-01068/data/421461542
5.65136,-0.18566,69.57,27.15,9434,9436,9435,15.17,142.479,20.505,MOD-PM-01068,2023-11-24T23:32:44,2023-11-24T23:32:44,https://api.quant-aq.com/device-api/v1/devices/MOD-PM-01068/data/421461543
5.65136,-0.18566,69.37,27.16,9434,9436,9435,14.098,130.819,18.511,MOD-PM-01068,2023-11-24T23:31:44,2023-11-24T23:31:44,https://api.quant-aq.com/device-api/v1/devices/MOD-PM-01068/data/421461544
5.65136,-0.18566,69.23,27.17,9434,9436,9435,12.75,167.186,17.655,MOD-PM-01068,2023-11-24T23:30:44,2023-11-24T23:30:44,https://api.quant-aq.com/device-api/v1/devices/MOD-PM-01068/data/421459758
5.65136,-0.18566,69.05,27.17,9434,9436,9435,16.124,144.434,20.551,MOD-PM-01068,2023-11-24T23:29:44,2023-11-24T23:29:44,https://api.quant-aq.com/device-api/v1/devices/MOD-PM-01068/data/421459757
5.65136,-0.18566,68.85,27.19,9434,9436,9435,12.973,93.852,17.477,MOD-PM-01068,2023-11-24T23:28:44,2023-11-24T23:28:44,https://api.quant-aq.com/device-api/v1/devices/MOD-PM-01068/data/421459755
5.65136,-0.18566,68.72,27.19,9434,9436,9435,15.99,149.393,20.509,MOD-PM-01068,2023-11-24T23:27:44,2023-11-24T23:27:44,https://api.quant-aq.com/device-api/v1/devices/MOD-PM-01068/data/421459754
5.65136,-0.18566,68.48,27.2,9434,9436,9435,14.472,126.193,19.021,MOD-PM-01068,2023-11-24T23:26:44,2023-11-24T23:26:44,https://api.quant-aq.com/device-api/v1/devices/MOD-PM-01068/data/421459753
5.65136,-0.18566,68.24,27.22,9434,9436,9435,14.104,180.53,18.5,MOD-PM-01068,2023-11-24T23:25:44,2023-11-24T23:25:44,https://api.quant-aq.com/device-api/v1/devices/MOD-PM-01068/data/421457378
5.65136,-0.18566,68.06,27.22,9434,9436,9435,11.605,139.641,15.57,MOD-PM-01068,2023-11-24T23:24:44,2023-11-24T23:24:44,https://api.quant-aq.com/device-api/v1/devices/MOD-PM-01068/data/421457380
5.65136,-0.18566,67.84,27.23,9434,9436,9435,11.191,173.19,15.23,MOD-PM-01068,2023-11-24T23:23:44,2023-11-24T23:23:44,https://api.quant-aq.com/device-api/v1/devices/MOD-PM-01068/data/421457379
5.65136,-0.18566,67.53,27.25,9434,9436,9435,11.942,122.069,15.566,MOD-PM-01068,2023-11-24T23:22:44,2023-11-24T23:22:44,https://api.quant-aq.com/device-api/v1/devices/MOD-PM-01068/data/421457376
5.65136,-0.18566,67.43,27.25,9434,9436,9435,11.564,108.272,15.494,MOD-PM-01068,2023-11-24T23:21:44,2023-11-24T23:21:44,https://api.quant-aq.com/device-api/v1/devices/MOD-PM-01068/data/421455500
5.65136,-0.18566,67.43,27.26,9434,9436,9435,10.846,125.421,14.303,MOD-PM-01068,2023-11-24T23:20:44,2023-11-24T23:20:44,https://api.quant-aq.com/device-api/v1/devices/MOD-PM-01068/data/421455493
5.65136,-0.18566,67.48,27.27,9434,9436,9435,8.81,101.659,11.87,MOD-PM-01068,2023-11-24T23:19:44,2023-11-24T23:19:44,https://api.quant-aq.com/device-api/v1/devices/MOD-PM-01068/data/421455491
5.65136,-0.18566,67.4,27.27,9434,9436,9435,11.427,123.758,14.966,MOD-PM-01068,2023-11-24T23:18:44,2023-11-24T23:18:44,https://api.quant-aq.com/device-api/v1/devices/MOD-PM-01068/data/421455498
5.65136,-0.18566,67.33,27.27,9434,9436,9435,12.597,80.927,16.316,MOD-PM-01068,2023-11-24T23:17:44,2023-11-24T23:17:44,https://api.quant-aq.com/device-api/v1/devices/MOD-PM-01068/data/421453570
5.65136,-0.18566,67.22,27.29,9434,9436,9435,14.15,95.406,17.408,MOD-PM-01068,2023-11-24T23:16:44,2023-11-24T23:16:44,https://api.quant-aq.com/device-api/v1/devices/MOD-PM-01068/data/421453571
5.65136,-0.18566,67.25,27.3,9434,9436,9435,16.206,64.235,19.853,MOD-PM-01068,2023-11-24T23:15:44,2023-11-24T23:15:44,https://api.quant-aq.com/device-api/v1/devices/MOD-PM-01068/data/421453572
5.65136,-0.18566,67.17,27.3,9434,9436,9435,15.948,96.684,19.155,MOD-PM-01068,2023-11-24T23:14:44,2023-11-24T23:14:44,https://api.quant-aq.com/device-api/v1/devices/MOD-PM-01068/data/421453573
5.65136,-0.18566,67.06,27.3,9434,9436,9435,12.752,99.999,16.735,MOD-PM-01068,2023-11-24T23:13:44,2023-11-24T23:13:44,https://api.quant-aq.com/device-api/v1/devices/MOD-PM-01068/data/421451677
5.65136,-0.18566,67.02,27.31,9434,9436,9435,16.257,76.141,19.464,MOD-PM-01068,2023-11-24T23:12:44,2023-11-24T23:12:44,https://api.quant-aq.com/device-api/v1/devices/MOD-PM-01068/data/421451679
5.65136,-0.18566,67.06,27.31,9434,9436,9435,13.174,79.39,16.417,MOD-PM-01068,2023-11-24T23:11:44,2023-11-24T23:11:44,https://api.quant-aq.com/device-api/v1/devices/MOD-PM-01068/data/421451680
5.65136,-0.18566,67.05,27.31,9434,9436,9435,22.35,79.539,25.918,MOD-PM-01068,2023-11-24T23:10:44,2023-11-24T23:10:44,https://api.quant-aq.com/device-api/v1/devices/MOD-PM-01068/data/421451678
5.65136,-0.18566,67.16,27.3,9434,9436,9435,38.852,100.812,43.184,MOD-PM-01068,2023-11-24T23:09:44,2023-11-24T23:09:44,https://api.quant-aq.com/device-api/v1/devices/MOD-PM-01068/data/421451681
5.65136,-0.18566,81.99,26.95,9434,9436,9435,6.888,83.165,11.105,MOD-PM-01068,2023-11-25T23:56:44,2023-11-25T23:56:44,https://api.quant-aq.com/device-api/v1/devices/MOD-PM-01068/data/422164572
5.65136,-0.18566,81.99,26.96,9434,9436,9435,6.274,53.197,10.932,MOD-PM-01068,2023-11-25T23:55:44,2023-11-25T23:55:44,https://api.quant-aq.com/device-api/v1/devices/MOD-PM-01068/data/422164571
5.65136,-0.18566,82.02,26.97,9434,9436,9435,8.154,62.355,12.455,MOD-PM-01068,2023-11-25T23:54:44,2023-11-25T23:54:44,https://api.quant-aq.com/device-api/v1/devices/MOD-PM-01068/data/422164570
5.65136,-0.18566,82.08,26.96,9434,9436,9435,5.735,35.177,11.412,MOD-PM-01068,2023-11-25T23:53:44,2023-11-25T23:53:44,https://api.quant-aq.com/device-api/v1/devices/MOD-PM-01068/data/422164568
5.65136,-0.18566,82.09,26.97,9434,9436,9435,5.798,46.322,10.279,MOD-PM-01068,2023-11-25T23:52:44,2023-11-25T23:52:44,https://api.quant-aq.com/device-api/v1/devices/MOD-PM-01068/data/422164569
5.65136,-0.18566,82.06,26.98,9434,9436,9435,6.332,49.896,11.11,MOD-PM-01068,2023-11-25T23:51:44,2023-11-25T23:51:44,https://api.quant-aq.com/device-api/v1/devices/MOD-PM-01068/data/422162312
5.65136,-0.18566,82.04,26.97,9434,9436,9435,5.638,66.741,10.24,MOD-PM-01068,2023-11-25T23:50:44,2023-11-25T23:50:44,https://api.quant-aq.com/device-api/v1/devices/MOD-PM-01068/data/422162314
5.65136,-0.18566,82.01,26.97,9434,9436,9435,5.578,72.672,10.718,MOD-PM-01068,2023-11-25T23:49:44,2023-11-25T23:49:44,https://api.quant-aq.com/device-api/v1/devices/MOD-PM-01068/data/422162313
5.65136,-0.18566,82.01,26.98,9434,9436,9435,8.759,77.096,13.266,MOD-PM-01068,2023-11-25T23:48:44,2023-11-25T23:48:44,https://api.quant-aq.com/device-api/v1/devices/MOD-PM-01068/data/422162315
5.65136,-0.18566,81.95,26.98,9434,9436,9435,8.389,40.883,12.7,MOD-PM-01068,2023-11-25T23:47:44,2023-11-25T23:47:44,https://api.quant-aq.com/device-api/v1/devices/MOD-PM-01068/data/422162311
5.65136,-0.18566,81.9,27,9434,9436,9435,7.349,30.456,11.442,MOD-PM-01068,2023-11-25T23:46:44,2023-11-25T23:46:44,https://api.quant-aq.com/device-api/v1/devices/MOD-PM-01068/data/422159923
5.65136,-0.18566,81.87,27,9434,9436,9435,6.975,53.672,11.563,MOD-PM-01068,2023-11-25T23:45:44,2023-11-25T23:45:44,https://api.quant-aq.com/device-api/v1/devices/MOD-PM-01068/data/422159925
5.65136,-0.18566,81.88,27.01,9434,9436,9435,6.066,153.968,10.553,MOD-PM-01068,2023-11-25T23:44:44,2023-11-25T23:44:44,https://api.quant-aq.com/device-api/v1/devices/MOD-PM-01068/data/422159926
5.65136,-0.18566,81.82,27.02,9434,9436,9435,8.521,92.66,12.207,MOD-PM-01068,2023-11-25T23:43:44,2023-11-25T23:43:44,https://api.quant-aq.com/device-api/v1/devices/MOD-PM-01068/data/422159924
5.65136,-0.18566,81.71,27.04,9434,9436,9435,5.804,78.508,8.942,MOD-PM-01068,2023-11-25T23:42:44,2023-11-25T23:42:44,https://api.quant-aq.com/device-api/v1/devices/MOD-PM-01068/data/422159922
5.65136,-0.18566,81.7,27.05,9434,9436,9435,4.902,103.418,8.61,MOD-PM-01068,2023-11-25T23:41:44,2023-11-25T23:41:44,https://api.quant-aq.com/device-api/v1/devices/MOD-PM-01068/data/422157669
5.65136,-0.18566,81.69,27.06,9434,9436,9435,6.396,101.938,10.061,MOD-PM-01068,2023-11-25T23:40:44,2023-11-25T23:40:44,https://api.quant-aq.com/device-api/v1/devices/MOD-PM-01068/data/422157667
5.65136,-0.18566,81.64,27.06,9434,9436,9435,6.341,119.451,10.645,MOD-PM-01068,2023-11-25T23:39:44,2023-11-25T23:39:44,https://api.quant-aq.com/device-api/v1/devices/MOD-PM-01068/data/422157670
5.65136,-0.18566,81.68,27.07,9434,9436,9435,4.202,83.567,7.284,MOD-PM-01068,2023-11-25T23:38:44,2023-11-25T23:38:44,https://api.quant-aq.com/device-api/v1/devices/MOD-PM-01068/data/422157671
5.65136,-0.18566,81.65,27.07,9434,9436,9435,6.09,144.085,9.797,MOD-PM-01068,2023-11-25T23:37:44,2023-11-25T23:37:44,https://api.quant-aq.com/device-api/v1/devices/MOD-PM-01068/data/422157668
5.65136,-0.18566,81.62,27.07,9434,9436,9435,6.257,82.633,10.826,MOD-PM-01068,2023-11-25T23:36:44,2023-11-25T23:36:44,https://api.quant-aq.com/device-api/v1/devices/MOD-PM-01068/data/422155232
5.65136,-0.18566,81.72,27.07,9434,9436,9435,4.769,88.04,8.406,MOD-PM-01068,2023-11-25T23:35:44,2023-11-25T23:35:44,https://api.quant-aq.com/device-api/v1/devices/MOD-PM-01068/data/422155234
5.65136,-0.18566,81.8,27.06,9434,9436,9435,5.828,82.799,9.336,MOD-PM-01068,2023-11-25T23:34:44,2023-11-25T23:34:44,https://api.quant-aq.com/device-api/v1/devices/MOD-PM-01068/data/422155231
5.65136,-0.18566,81.74,27.07,9434,9436,9435,5.704,60.707,9.391,MOD-PM-01068,2023-11-25T23:33:44,2023-11-25T23:33:44,https://api.quant-aq.com/device-api/v1/devices/MOD-PM-01068/data/422155235
5.65136,-0.18566,81.77,27.07,9434,9436,9435,6.733,95.122,9.857,MOD-PM-01068,2023-11-25T23:32:44,2023-11-25T23:32:44,https://api.quant-aq.com/device-api/v1/devices/MOD-PM-01068/data/422155233
5.65136,-0.18566,81.75,27.06,9434,9436,9435,6.533,35.554,9.906,MOD-PM-01068,2023-11-25T23:31:44,2023-11-25T23:31:44,https://api.quant-aq.com/device-api/v1/devices/MOD-PM-01068/data/422152932
5.65136,-0.18566,81.71,27.09,9434,9436,9435,7.333,37.37,10.393,MOD-PM-01068,2023-11-25T23:30:44,2023-11-25T23:30:44,https://api.quant-aq.com/device-api/v1/devices/MOD-PM-01068/data/422152931
5.65136,-0.18566,81.64,27.1,9434,9436,9435,5.413,49.378,8.9,MOD-PM-01068,2023-11-25T23:29:44,2023-11-25T23:29:44,https://api.quant-aq.com/device-api/v1/devices/MOD-PM-01068/data/422152929
5.65136,-0.18566,81.66,27.1,9434,9436,9435,5.553,75.177,8.862,MOD-PM-01068,2023-11-25T23:28:44,2023-11-25T23:28:44,https://api.quant-aq.com/device-api/v1/devices/MOD-PM-01068/data/422152930
5.65136,-0.18566,81.61,27.11,9434,9436,9435,6.244,65.492,10.027,MOD-PM-01068,2023-11-25T23:27:44,2023-11-25T23:27:44,https://api.quant-aq.com/device-api/v1/devices/MOD-PM-01068/data/422152928
5.65136,-0.18566,81.52,27.12,9434,9436,9435,5.871,64.218,9.155,MOD-PM-01068,2023-11-25T23:26:44,2023-11-25T23:26:44,https://api.quant-aq.com/device-api/v1/devices/MOD-PM-01068/data/422150579
5.65136,-0.18566,81.5,27.13,9434,9436,9435,5.53,103.077,8.89,MOD-PM-01068,2023-11-25T23:25:44,2023-11-25T23:25:44,https://api.quant-aq.com/device-api/v1/devices/MOD-PM-01068/data/422150578
5.65136,-0.18566,81.46,27.13,9434,9436,9435,5.938,53.883,9.333,MOD-PM-01068,2023-11-25T23:24:44,2023-11-25T23:24:44,https://api.quant-aq.com/device-api/v1/devices/MOD-PM-01068/data/422150580
5.65136,-0.18566,81.4,27.15,9434,9436,9435,5.309,86.568,9.436,MOD-PM-01068,2023-11-25T23:23:44,2023-11-25T23:23:44,https://api.quant-aq.com/device-api/v1/devices/MOD-PM-01068/data/422150577
5.65136,-0.18566,81.4,27.16,9434,9436,9435,6.995,75.999,10.703,MOD-PM-01068,2023-11-25T23:22:44,2023-11-25T23:22:44,https://api.quant-aq.com/device-api/v1/devices/MOD-PM-01068/data/422150576
5.65136,-0.18566,81.3,27.17,9434,9436,9435,5.258,68.958,8.535,MOD-PM-01068,2023-11-25T23:21:44,2023-11-25T23:21:44,https://api.quant-aq.com/device-api/v1/devices/MOD-PM-01068/data/422148303
5.65136,-0.18566,81.26,27.18,9434,9436,9435,4.642,93.82,8.37,MOD-PM-01068,2023-11-25T23:20:44,2023-11-25T23:20:44,https://api.quant-aq.com/device-api/v1/devices/MOD-PM-01068/data/422148302
5.65136,-0.18566,81.31,27.18,9434,9436,9435,7.501,45.735,10.861,MOD-PM-01068,2023-11-25T23:19:44,2023-11-25T23:19:44,https://api.quant-aq.com/device-api/v1/devices/MOD-PM-01068/data/422148299
5.65136,-0.18566,81.26,27.19,9434,9436,9435,7.23,61.732,11.685,MOD-PM-01068,2023-11-25T23:18:44,2023-11-25T23:18:44,https://api.quant-aq.com/device-api/v1/devices/MOD-PM-01068/data/422148301
5.65136,-0.18566,81.22,27.21,9434,9436,9435,8.791,64.785,11.709,MOD-PM-01068,2023-11-25T23:17:44,2023-11-25T23:17:44,https://api.quant-aq.com/device-api/v1/devices/MOD-PM-01068/data/422148300
5.65136,-0.18566,81.15,27.22,9434,9436,9435,5.692,65.922,9.19,MOD-PM-01068,2023-11-25T23:16:44,2023-11-25T23:16:44,https://api.quant-aq.com/device-api/v1/devices/MOD-PM-01068/data/422145952
5.65136,-0.18566,81.15,27.22,9434,9436,9435,9.069,45.901,12.178,MOD-PM-01068,2023-11-25T23:15:44,2023-11-25T23:15:44,https://api.quant-aq.com/device-api/v1/devices/MOD-PM-01068/data/422145949
5.65136,-0.18566,81.14,27.23,9434,9436,9435,6.356,78.429,9.799,MOD-PM-01068,2023-11-25T23:14:44,2023-11-25T23:14:44,https://api.quant-aq.com/device-api/v1/devices/MOD-PM-01068/data/422145951
5.65136,-0.18566,81.15,27.23,9434,9436,9435,8.586,67.799,12.507,MOD-PM-01068,2023-11-25T23:13:44,2023-11-25T23:13:44,https://api.quant-aq.com/device-api/v1/devices/MOD-PM-01068/data/422145953
5.65136,-0.18566,81.19,27.24,9434,9436,9435,8.663,68.187,12.944,MOD-PM-01068,2023-11-25T23:12:44,2023-11-25T23:12:44,https://api.quant-aq.com/device-api/v1/devices/MOD-PM-01068/data/422145950
5.65136,-0.18566,81.11,27.26,9434,9436,9435,7.971,110.809,12.205,MOD-PM-01068,2023-11-25T23:11:44,2023-11-25T23:11:44,https://api.quant-aq.com/device-api/v1/devices/MOD-PM-01068/data/422143682
5.65136,-0.18566,81.12,27.27,9434,9436,9435,9.428,104.22,14.445,MOD-PM-01068,2023-11-25T23:10:44,2023-11-25T23:10:44,https://api.quant-aq.com/device-api/v1/devices/MOD-PM-01068/data/422143683
5.65136,-0.18566,81.1,27.28,9434,9436,9435,6.552,76.269,11.08,MOD-PM-01068,2023-11-25T23:09:44,2023-11-25T23:09:44,https://api.quant-aq.com/device-api/v1/devices/MOD-PM-01068/data/422143686
5.65136,-0.18566,81.06,27.3,9434,9436,9435,10.31,97.571,14.722,MOD-PM-01068,2023-11-25T23:08:44,2023-11-25T23:08:44,https://api.quant-aq.com/device-api/v1/devices/MOD-PM-01068/data/422143685
5.65136,-0.18566,81.01,27.31,9434,9436,9435,9.791,43.246,13.547,MOD-PM-01068,2023-11-25T23:07:44,2023-11-25T23:07:44,https://api.quant-aq.com/device-api/v1/devices/MOD-PM-01068/data/422143684