val.hmd,val.tmp,val.bar.pA,rec,ver,tag
62.7,32.7,100.134,2023-11-29T09:40:15Z,1,scs-bgx-868
63.1,32.9,100.133,2023-11-29T09:41:15Z,1,scs-bgx-868
60.9,32.9,100.132,2023-11-29T09:42:15Z,1,scs-bgx-868
60.6,33.1,100.129,2023-11-29T09:43:15Z,1,scs-bgx-868
59.6,33.4,100.127,2023-11-29T09:44:15Z,1,scs-bgx-868
59.1,33.5,100.127,2023-11-29T09:45:15Z,1,scs-bgx-868
59.2,33.6,100.125,2023-11-29T09:46:15Z,1,scs-bgx-868
59.6,33.6,100.128,2023-11-29T09:47:15Z,1,scs-bgx-868
59.6,33.5,100.125,2023-11-29T09:48:15Z,1,scs-bgx-868
59.8,33.6,100.125,2023-11-29T09:49:15Z,1,scs-bgx-868
59.1,33.7,100.121,2023-11-29T09:50:15Z,1,scs-bgx-868
59.6,33.5,100.12,2023-11-29T09:51:15Z,1,scs-bgx-868
60,33.5,100.12,2023-11-29T09:52:15Z,1,scs-bgx-868
60.2,33.2,100.118,2023-11-29T09:53:15Z,1,scs-bgx-868
60.8,33,100.121,2023-11-29T09:54:15Z,1,scs-bgx-868
60.4,33.2,100.118,2023-11-29T09:55:15Z,1,scs-bgx-868
60.8,33.2,100.117,2023-11-29T09:56:15Z,1,scs-bgx-868
60.5,33.4,100.117,2023-11-29T09:57:15Z,1,scs-bgx-868
59.4,33.6,100.117,2023-11-29T09:58:15Z,1,scs-bgx-868
60.1,33.6,100.115,2023-11-29T09:59:15Z,1,scs-bgx-868
60.3,33.6,100.114,2023-11-29T10:00:15Z,1,scs-bgx-868
59.6,33.7,100.114,2023-11-29T10:01:15Z,1,scs-bgx-868
59.9,33.5,100.113,2023-11-29T10:02:15Z,1,scs-bgx-868
59.4,33.5,100.109,2023-11-29T10:03:15Z,1,scs-bgx-868
60.1,33.4,100.112,2023-11-29T10:04:15Z,1,scs-bgx-868
59.2,33.5,100.107,2023-11-29T10:05:15Z,1,scs-bgx-868
59.3,33.6,100.105,2023-11-29T10:06:15Z,1,scs-bgx-868
59.6,33.5,100.103,2023-11-29T10:07:15Z,1,scs-bgx-868
60,33.7,100.1,2023-11-29T10:08:15Z,1,scs-bgx-868
59.3,33.9,100.099,2023-11-29T10:09:15Z,1,scs-bgx-868
59,34,100.099,2023-11-29T10:10:15Z,1,scs-bgx-868
59.2,34,100.099,2023-11-29T10:11:15Z,1,scs-bgx-868
58.6,34,100.098,2023-11-29T10:12:15Z,1,scs-bgx-868
58.9,34,100.096,2023-11-29T10:13:15Z,1,scs-bgx-868
58.2,34,100.097,2023-11-29T10:14:15Z,1,scs-bgx-868
58.1,33.8,100.101,2023-11-29T10:15:15Z,1,scs-bgx-868
59,33.6,100.097,2023-11-29T10:16:15Z,1,scs-bgx-868
58.5,33.8,100.099,2023-11-29T10:17:15Z,1,scs-bgx-868
59.5,33.6,100.097,2023-11-29T10:18:15Z,1,scs-bgx-868
59.5,33.5,100.099,2023-11-29T10:19:15Z,1,scs-bgx-868
59.7,33.5,100.098,2023-11-29T10:20:15Z,1,scs-bgx-868
58.4,33.6,100.097,2023-11-29T10:21:15Z,1,scs-bgx-868
59.4,33.7,100.097,2023-11-29T10:22:15Z,1,scs-bgx-868
58.8,33.6,100.095,2023-11-29T10:23:15Z,1,scs-bgx-868
59.8,33.7,100.096,2023-11-29T10:24:15Z,1,scs-bgx-868
59,33.7,100.093,2023-11-29T10:25:15Z,1,scs-bgx-868
58.3,33.9,100.092,2023-11-29T10:26:15Z,1,scs-bgx-868
58.6,33.8,100.09,2023-11-29T10:27:15Z,1,scs-bgx-868
59.9,33.9,100.092,2023-11-29T10:28:15Z,1,scs-bgx-868
58.4,33.9,100.088,2023-11-29T10:29:15Z,1,scs-bgx-868
58.4,33.7,100.089,2023-11-29T10:30:15Z,1,scs-bgx-868
59.2,33.5,100.093,2023-11-29T10:31:15Z,1,scs-bgx-868
59.2,33.6,100.093,2023-11-29T10:32:15Z,1,scs-bgx-868
59.6,33.4,100.09,2023-11-29T10:33:15Z,1,scs-bgx-868
58.9,33.8,100.093,2023-11-29T10:34:15Z,1,scs-bgx-868
57.6,34,100.09,2023-11-29T10:35:15Z,1,scs-bgx-868
57.4,34.2,100.089,2023-11-29T10:36:15Z,1,scs-bgx-868
57.2,34,100.086,2023-11-29T10:37:15Z,1,scs-bgx-868
57.1,34.3,100.084,2023-11-29T10:38:15Z,1,scs-bgx-868
56.1,34.5,100.083,2023-11-29T10:39:15Z,1,scs-bgx-868
56.2,34.4,100.083,2023-11-29T10:40:15Z,1,scs-bgx-868
57,34.3,100.079,2023-11-29T10:41:15Z,1,scs-bgx-868
58.4,34.4,100.078,2023-11-29T10:42:15Z,1,scs-bgx-868
56,34.7,100.076,2023-11-29T10:43:15Z,1,scs-bgx-868
58.4,34.8,100.075,2023-11-29T10:44:15Z,1,scs-bgx-868
56.2,34.9,100.075,2023-11-29T10:45:15Z,1,scs-bgx-868
55.4,35,100.072,2023-11-29T10:46:15Z,1,scs-bgx-868
56,34.6,100.073,2023-11-29T10:47:15Z,1,scs-bgx-868
57.3,34.4,100.075,2023-11-29T10:48:15Z,1,scs-bgx-868
55.3,34.4,100.076,2023-11-29T10:49:15Z,1,scs-bgx-868
55.3,34.3,100.076,2023-11-29T10:50:15Z,1,scs-bgx-868
55.6,34.5,100.076,2023-11-29T10:51:15Z,1,scs-bgx-868
55.4,34.5,100.075,2023-11-29T10:52:15Z,1,scs-bgx-868
56.6,34.4,100.074,2023-11-29T10:53:15Z,1,scs-bgx-868
56.1,34.5,100.073,2023-11-29T10:54:15Z,1,scs-bgx-868
57.1,34.2,100.075,2023-11-29T10:55:15Z,1,scs-bgx-868
57,34.3,100.075,2023-11-29T10:56:15Z,1,scs-bgx-868
57.2,34.1,100.073,2023-11-29T10:57:15Z,1,scs-bgx-868
57,34.3,100.072,2023-11-29T10:58:15Z,1,scs-bgx-868
56.6,34.3,100.07,2023-11-29T10:59:15Z,1,scs-bgx-868
56.3,34.6,100.069,2023-11-29T11:00:15Z,1,scs-bgx-868
55.3,34.6,100.069,2023-11-29T11:01:15Z,1,scs-bgx-868
57.4,34.3,100.069,2023-11-29T11:02:15Z,1,scs-bgx-868
56.2,34.4,100.065,2023-11-29T11:03:15Z,1,scs-bgx-868
56.3,34.4,100.07,2023-11-29T11:04:15Z,1,scs-bgx-868
57,34.2,100.067,2023-11-29T11:05:15Z,1,scs-bgx-868
56.9,34.2,100.066,2023-11-29T11:06:15Z,1,scs-bgx-868
57.1,34.3,100.067,2023-11-29T11:07:15Z,1,scs-bgx-868
57,34.3,100.064,2023-11-29T11:08:15Z,1,scs-bgx-868
56.6,34.3,100.063,2023-11-29T11:09:15Z,1,scs-bgx-868
57.3,34.2,100.063,2023-11-29T11:10:15Z,1,scs-bgx-868
58.1,34.1,100.063,2023-11-29T11:11:15Z,1,scs-bgx-868
57.3,34.1,100.062,2023-11-29T11:12:15Z,1,scs-bgx-868
57.7,34,100.062,2023-11-29T11:13:15Z,1,scs-bgx-868
57.5,34,100.058,2023-11-29T11:14:15Z,1,scs-bgx-868
58.7,33.9,100.059,2023-11-29T11:15:15Z,1,scs-bgx-868
57.3,33.9,100.054,2023-11-29T11:16:15Z,1,scs-bgx-868
57.3,34,100.05,2023-11-29T11:17:15Z,1,scs-bgx-868
58,34,100.049,2023-11-29T11:18:15Z,1,scs-bgx-868
58.1,34.1,100.048,2023-11-29T11:19:15Z,1,scs-bgx-868
57.9,34,100.045,2023-11-29T11:20:15Z,1,scs-bgx-868
57.4,34.3,100.042,2023-11-29T11:21:15Z,1,scs-bgx-868
57.4,34.3,100.041,2023-11-29T11:22:15Z,1,scs-bgx-868
58.5,34.7,100.039,2023-11-29T11:23:15Z,1,scs-bgx-868
56.7,34.8,100.036,2023-11-29T11:24:15Z,1,scs-bgx-868
55.3,35,100.033,2023-11-29T11:25:15Z,1,scs-bgx-868
55.7,34.9,100.033,2023-11-29T11:26:15Z,1,scs-bgx-868
55.2,35.2,100.029,2023-11-29T11:27:15Z,1,scs-bgx-868
56.7,35.2,100.029,2023-11-29T11:28:15Z,1,scs-bgx-868
54.5,35.1,100.026,2023-11-29T11:29:15Z,1,scs-bgx-868
56.2,35.2,100.023,2023-11-29T11:30:15Z,1,scs-bgx-868
55.7,35,100.024,2023-11-29T11:31:15Z,1,scs-bgx-868
55.1,34.9,100.025,2023-11-29T11:32:15Z,1,scs-bgx-868
54.8,34.9,100.022,2023-11-29T11:33:15Z,1,scs-bgx-868
55.1,34.4,100.022,2023-11-29T11:34:15Z,1,scs-bgx-868
55.4,34.5,100.019,2023-11-29T11:35:15Z,1,scs-bgx-868
55.8,34.6,100.018,2023-11-29T11:36:15Z,1,scs-bgx-868
55.5,34.7,100.016,2023-11-29T11:37:15Z,1,scs-bgx-868
55,34.9,100.013,2023-11-29T11:38:15Z,1,scs-bgx-868
54.1,35.3,100.009,2023-11-29T11:39:15Z,1,scs-bgx-868
53.4,35.3,100.005,2023-11-29T11:40:15Z,1,scs-bgx-868
53.2,35.4,100.004,2023-11-29T11:41:15Z,1,scs-bgx-868
53.2,35.5,100.001,2023-11-29T11:42:15Z,1,scs-bgx-868
52,35.8,99.996,2023-11-29T11:43:15Z,1,scs-bgx-868
51.3,36,99.993,2023-11-29T11:44:15Z,1,scs-bgx-868
51.9,36.1,99.989,2023-11-29T11:45:15Z,1,scs-bgx-868
51.2,36.2,99.984,2023-11-29T11:46:15Z,1,scs-bgx-868
51.2,36.5,99.981,2023-11-29T11:47:15Z,1,scs-bgx-868
51,36.5,99.979,2023-11-29T11:48:15Z,1,scs-bgx-868
49.8,36.5,99.977,2023-11-29T11:49:15Z,1,scs-bgx-868
49.2,36.6,99.97,2023-11-29T11:50:15Z,1,scs-bgx-868
50.3,36.5,99.972,2023-11-29T11:51:15Z,1,scs-bgx-868
49.1,36.5,99.972,2023-11-29T11:52:15Z,1,scs-bgx-868
48.9,36.7,99.971,2023-11-29T11:53:15Z,1,scs-bgx-868
48.5,36.8,99.967,2023-11-29T11:54:15Z,1,scs-bgx-868
48,36.9,99.962,2023-11-29T11:55:15Z,1,scs-bgx-868
48,36.6,99.96,2023-11-29T11:56:15Z,1,scs-bgx-868
48.5,36.6,99.956,2023-11-29T11:57:15Z,1,scs-bgx-868
50.9,36.8,99.957,2023-11-29T11:58:15Z,1,scs-bgx-868
49.5,36.8,99.958,2023-11-29T11:59:15Z,1,scs-bgx-868
47.4,37,99.954,2023-11-29T12:00:15Z,1,scs-bgx-868
47.8,37,99.956,2023-11-29T12:01:15Z,1,scs-bgx-868
47.9,37,99.954,2023-11-29T12:02:15Z,1,scs-bgx-868
47.5,37.1,99.956,2023-11-29T12:03:15Z,1,scs-bgx-868
46.4,37.3,99.954,2023-11-29T12:04:15Z,1,scs-bgx-868
47,37.4,99.955,2023-11-29T12:05:15Z,1,scs-bgx-868
46.7,37.3,99.956,2023-11-29T12:06:15Z,1,scs-bgx-868
46.3,37.4,99.954,2023-11-29T12:07:15Z,1,scs-bgx-868
45.9,37.5,99.949,2023-11-29T12:08:15Z,1,scs-bgx-868
45.5,37.5,99.943,2023-11-29T12:09:15Z,1,scs-bgx-868
46.1,37.5,99.943,2023-11-29T12:10:15Z,1,scs-bgx-868
45.4,37.5,99.943,2023-11-29T12:11:15Z,1,scs-bgx-868
45.4,37.7,99.939,2023-11-29T12:12:15Z,1,scs-bgx-868
46.5,37.9,99.936,2023-11-29T12:13:15Z,1,scs-bgx-868
45.5,37.9,99.932,2023-11-29T12:14:15Z,1,scs-bgx-868
45.3,38,99.93,2023-11-29T12:15:15Z,1,scs-bgx-868
44.5,37.9,99.925,2023-11-29T12:16:15Z,1,scs-bgx-868
44.5,38.1,99.921,2023-11-29T12:17:15Z,1,scs-bgx-868
44.5,38.2,99.918,2023-11-29T12:18:15Z,1,scs-bgx-868
44.1,38.2,99.912,2023-11-29T12:19:15Z,1,scs-bgx-868
44.1,38.3,99.91,2023-11-29T12:20:15Z,1,scs-bgx-868
44.1,38.3,99.911,2023-11-29T12:21:15Z,1,scs-bgx-868
44.4,38.4,99.909,2023-11-29T12:22:15Z,1,scs-bgx-868
43.3,38.4,99.907,2023-11-29T12:23:15Z,1,scs-bgx-868
44.3,38.3,99.904,2023-11-29T12:24:15Z,1,scs-bgx-868
43.9,38.4,99.904,2023-11-29T12:25:15Z,1,scs-bgx-868
45,38.6,99.904,2023-11-29T12:26:15Z,1,scs-bgx-868
44.8,38.7,99.901,2023-11-29T12:27:15Z,1,scs-bgx-868
44.5,38.5,99.898,2023-11-29T12:28:15Z,1,scs-bgx-868
43.8,38.4,99.896,2023-11-29T12:29:15Z,1,scs-bgx-868
45.4,38.2,99.891,2023-11-29T12:30:15Z,1,scs-bgx-868
46.8,38.4,99.892,2023-11-29T12:31:15Z,1,scs-bgx-868
44.4,38.4,99.887,2023-11-29T12:32:15Z,1,scs-bgx-868
43.7,38.5,99.888,2023-11-29T12:33:15Z,1,scs-bgx-868
45.5,38.5,99.886,2023-11-29T12:34:15Z,1,scs-bgx-868
44.5,38.4,99.883,2023-11-29T12:35:15Z,1,scs-bgx-868
44.9,38.4,99.889,2023-11-29T12:36:15Z,1,scs-bgx-868
44.6,38.4,99.886,2023-11-29T12:37:15Z,1,scs-bgx-868
45,38.6,99.888,2023-11-29T12:38:15Z,1,scs-bgx-868
46.5,38,99.883,2023-11-29T12:39:15Z,1,scs-bgx-868
46.8,38.1,99.885,2023-11-29T12:40:15Z,1,scs-bgx-868
45,38.1,99.886,2023-11-29T12:41:15Z,1,scs-bgx-868
45.7,37.5,99.884,2023-11-29T12:42:15Z,1,scs-bgx-868
45.5,37.8,99.88,2023-11-29T12:43:15Z,1,scs-bgx-868
45.2,37.7,99.875,2023-11-29T12:44:15Z,1,scs-bgx-868
45.8,37.6,99.874,2023-11-29T12:45:15Z,1,scs-bgx-868
45.7,37.8,99.871,2023-11-29T12:46:15Z,1,scs-bgx-868
45.7,37.8,99.866,2023-11-29T12:47:15Z,1,scs-bgx-868
46.1,37.8,99.863,2023-11-29T12:48:15Z,1,scs-bgx-868
46,37.9,99.869,2023-11-29T12:49:15Z,1,scs-bgx-868
46.4,37.7,99.868,2023-11-29T12:50:15Z,1,scs-bgx-868
46.5,38.1,99.867,2023-11-29T12:51:15Z,1,scs-bgx-868
46.2,38,99.865,2023-11-29T12:52:15Z,1,scs-bgx-868
46.5,38.1,99.862,2023-11-29T12:53:15Z,1,scs-bgx-868
47.3,38,99.862,2023-11-29T12:54:15Z,1,scs-bgx-868
46,38,99.856,2023-11-29T12:55:15Z,1,scs-bgx-868
46,38,99.858,2023-11-29T12:56:15Z,1,scs-bgx-868
46.3,38,99.854,2023-11-29T12:57:15Z,1,scs-bgx-868
46.3,38.1,99.857,2023-11-29T12:58:15Z,1,scs-bgx-868
46.4,38.1,99.855,2023-11-29T12:59:15Z,1,scs-bgx-868
46,38.1,99.852,2023-11-29T13:00:15Z,1,scs-bgx-868
46,38.2,99.856,2023-11-29T13:01:15Z,1,scs-bgx-868
46.1,38.3,99.853,2023-11-29T13:02:15Z,1,scs-bgx-868
46,38.2,99.85,2023-11-29T13:03:15Z,1,scs-bgx-868
45.2,38.3,99.849,2023-11-29T13:04:15Z,1,scs-bgx-868
45.6,38.3,99.847,2023-11-29T13:05:15Z,1,scs-bgx-868
45.4,38.2,99.848,2023-11-29T13:06:15Z,1,scs-bgx-868
45.7,38.3,99.845,2023-11-29T13:07:15Z,1,scs-bgx-868
47.2,38.3,99.843,2023-11-29T13:08:15Z,1,scs-bgx-868
46.7,38.2,99.842,2023-11-29T13:09:15Z,1,scs-bgx-868
45.9,38.3,99.839,2023-11-29T13:10:15Z,1,scs-bgx-868
46.3,38.4,99.842,2023-11-29T13:11:15Z,1,scs-bgx-868
45.3,38.4,99.84,2023-11-29T13:12:15Z,1,scs-bgx-868
45.4,38.5,99.843,2023-11-29T13:13:15Z,1,scs-bgx-868
45.9,38.4,99.847,2023-11-29T13:14:15Z,1,scs-bgx-868
45.1,38.3,99.843,2023-11-29T13:15:15Z,1,scs-bgx-868
44.8,38.3,99.845,2023-11-29T13:16:15Z,1,scs-bgx-868
45.1,38.2,99.841,2023-11-29T13:17:15Z,1,scs-bgx-868
45.7,38.3,99.841,2023-11-29T13:18:15Z,1,scs-bgx-868
45.4,38.4,99.839,2023-11-29T13:19:15Z,1,scs-bgx-868
46,38.1,99.839,2023-11-29T13:20:15Z,1,scs-bgx-868
46.1,38.2,99.836,2023-11-29T13:21:15Z,1,scs-bgx-868
45.8,38.3,99.84,2023-11-29T13:22:15Z,1,scs-bgx-868
45,38.3,99.845,2023-11-29T13:23:15Z,1,scs-bgx-868
45.6,38.1,99.843,2023-11-29T13:24:15Z,1,scs-bgx-868
45.5,38.2,99.841,2023-11-29T13:25:15Z,1,scs-bgx-868
45.8,38.2,99.838,2023-11-29T13:26:15Z,1,scs-bgx-868
45.1,38.1,99.843,2023-11-29T13:27:15Z,1,scs-bgx-868
45.2,38,99.842,2023-11-29T13:28:15Z,1,scs-bgx-868
45.6,38.1,99.844,2023-11-29T13:29:15Z,1,scs-bgx-868
46.9,38,99.841,2023-11-29T13:30:15Z,1,scs-bgx-868
45.4,38.1,99.842,2023-11-29T13:31:15Z,1,scs-bgx-868
46.1,38.1,99.837,2023-11-29T13:32:15Z,1,scs-bgx-868
46.1,38.2,99.837,2023-11-29T13:33:15Z,1,scs-bgx-868
46.9,37.8,99.831,2023-11-29T13:34:15Z,1,scs-bgx-868
46.5,37.9,99.831,2023-11-29T13:35:15Z,1,scs-bgx-868
46.2,37.9,99.831,2023-11-29T13:36:15Z,1,scs-bgx-868
46.3,37.9,99.828,2023-11-29T13:37:15Z,1,scs-bgx-868
47.5,37.9,99.833,2023-11-29T13:38:15Z,1,scs-bgx-868
45.9,38,99.827,2023-11-29T13:39:15Z,1,scs-bgx-868
45.6,38.1,99.827,2023-11-29T13:40:15Z,1,scs-bgx-868
45.3,37.9,99.821,2023-11-29T13:41:15Z,1,scs-bgx-868
46.5,37.9,99.823,2023-11-29T13:42:15Z,1,scs-bgx-868
46.1,37.8,99.82,2023-11-29T13:43:15Z,1,scs-bgx-868
46.8,37.8,99.819,2023-11-29T13:44:15Z,1,scs-bgx-868
46.4,37.7,99.818,2023-11-29T13:45:15Z,1,scs-bgx-868
46.6,37.4,99.812,2023-11-29T13:46:15Z,1,scs-bgx-868
48.1,37.2,99.814,2023-11-29T13:47:15Z,1,scs-bgx-868
47.4,37.1,99.812,2023-11-29T13:48:15Z,1,scs-bgx-868
48.2,37.3,99.812,2023-11-29T13:49:15Z,1,scs-bgx-868
47.8,37.3,99.81,2023-11-29T13:50:15Z,1,scs-bgx-868
48.4,37.5,99.809,2023-11-29T13:51:15Z,1,scs-bgx-868
47.6,37.4,99.803,2023-11-29T13:52:15Z,1,scs-bgx-868
47.4,37.6,99.804,2023-11-29T13:53:15Z,1,scs-bgx-868
47.9,37.8,99.8,2023-11-29T13:54:15Z,1,scs-bgx-868
47.7,37.9,99.803,2023-11-29T13:55:15Z,1,scs-bgx-868
47.5,37.7,99.799,2023-11-29T13:56:15Z,1,scs-bgx-868
47.4,37.8,99.801,2023-11-29T13:57:15Z,1,scs-bgx-868
47.2,37.6,99.8,2023-11-29T13:58:15Z,1,scs-bgx-868
48,37.5,99.801,2023-11-29T13:59:15Z,1,scs-bgx-868
48.1,37.4,99.802,2023-11-29T14:00:15Z,1,scs-bgx-868
48.6,37.1,99.799,2023-11-29T14:01:15Z,1,scs-bgx-868
49.7,36.9,99.8,2023-11-29T14:02:15Z,1,scs-bgx-868
49.5,37,99.797,2023-11-29T14:03:15Z,1,scs-bgx-868
48.7,36.9,99.8,2023-11-29T14:04:15Z,1,scs-bgx-868
49.2,37,99.796,2023-11-29T14:05:15Z,1,scs-bgx-868
49.5,37,99.794,2023-11-29T14:06:15Z,1,scs-bgx-868
49.3,37.2,99.792,2023-11-29T14:07:15Z,1,scs-bgx-868
48.3,37.2,99.785,2023-11-29T14:08:15Z,1,scs-bgx-868
48.6,37.3,99.785,2023-11-29T14:09:15Z,1,scs-bgx-868
48.5,37.5,99.78,2023-11-29T14:10:15Z,1,scs-bgx-868
47.5,37.5,99.782,2023-11-29T14:11:15Z,1,scs-bgx-868
46.8,37.5,99.784,2023-11-29T14:12:15Z,1,scs-bgx-868
45.6,37.5,99.78,2023-11-29T14:13:15Z,1,scs-bgx-868
46.4,37.5,99.782,2023-11-29T14:14:15Z,1,scs-bgx-868
46.7,37.3,99.777,2023-11-29T14:15:15Z,1,scs-bgx-868
46.5,37.3,99.778,2023-11-29T14:16:15Z,1,scs-bgx-868
46.9,37.2,99.78,2023-11-29T14:17:15Z,1,scs-bgx-868
47.8,37.3,99.783,2023-11-29T14:18:15Z,1,scs-bgx-868
48.2,37.5,99.783,2023-11-29T14:19:15Z,1,scs-bgx-868
48.7,37.4,99.785,2023-11-29T14:20:15Z,1,scs-bgx-868
48.8,37.4,99.784,2023-11-29T14:21:15Z,1,scs-bgx-868
48.9,37.4,99.786,2023-11-29T14:22:15Z,1,scs-bgx-868
49.5,37.3,99.781,2023-11-29T14:23:15Z,1,scs-bgx-868
49.3,37.2,99.779,2023-11-29T14:24:15Z,1,scs-bgx-868
49.9,37.4,99.781,2023-11-29T14:25:15Z,1,scs-bgx-868
49.8,37.3,99.778,2023-11-29T14:26:15Z,1,scs-bgx-868
50.3,37.2,99.78,2023-11-29T14:27:15Z,1,scs-bgx-868
49.1,37.3,99.777,2023-11-29T14:28:15Z,1,scs-bgx-868
49.5,37.2,99.784,2023-11-29T14:29:15Z,1,scs-bgx-868
50,37.3,99.787,2023-11-29T14:30:15Z,1,scs-bgx-868
49.9,37.3,99.787,2023-11-29T14:31:15Z,1,scs-bgx-868
49.6,37.2,99.787,2023-11-29T14:32:15Z,1,scs-bgx-868
50.1,37.2,99.786,2023-11-29T14:33:15Z,1,scs-bgx-868
50,37.3,99.793,2023-11-29T14:34:15Z,1,scs-bgx-868
49.7,37.3,99.792,2023-11-29T14:35:15Z,1,scs-bgx-868
51,37,99.792,2023-11-29T14:36:15Z,1,scs-bgx-868
51.4,37,99.793,2023-11-29T14:37:15Z,1,scs-bgx-868
51.3,36.8,99.793,2023-11-29T14:38:15Z,1,scs-bgx-868
51.6,36.7,99.787,2023-11-29T14:39:15Z,1,scs-bgx-868
51.3,36.7,99.791,2023-11-29T14:40:15Z,1,scs-bgx-868
51.9,36.6,99.793,2023-11-29T14:41:15Z,1,scs-bgx-868
51.6,36.4,99.792,2023-11-29T14:42:15Z,1,scs-bgx-868
52.2,36.4,99.798,2023-11-29T14:43:15Z,1,scs-bgx-868
52.1,36.3,99.796,2023-11-29T14:44:15Z,1,scs-bgx-868
52.2,36.5,99.8,2023-11-29T14:45:15Z,1,scs-bgx-868
52.1,36.6,99.799,2023-11-29T14:46:15Z,1,scs-bgx-868
52.4,36.6,99.8,2023-11-29T14:47:15Z,1,scs-bgx-868
52.4,36.6,99.8,2023-11-29T14:48:15Z,1,scs-bgx-868
51.9,36.5,99.803,2023-11-29T14:49:15Z,1,scs-bgx-868
51.2,36.2,99.798,2023-11-29T14:50:15Z,1,scs-bgx-868
51.7,36.4,99.796,2023-11-29T14:51:15Z,1,scs-bgx-868
51.2,36.4,99.79,2023-11-29T14:52:15Z,1,scs-bgx-868
51.2,36.3,99.79,2023-11-29T14:53:15Z,1,scs-bgx-868
51.2,36.3,99.79,2023-11-29T14:54:15Z,1,scs-bgx-868
51.3,36.3,99.79,2023-11-29T14:55:15Z,1,scs-bgx-868
51.9,36.3,99.789,2023-11-29T14:56:15Z,1,scs-bgx-868
51.6,36,99.793,2023-11-29T14:57:15Z,1,scs-bgx-868
51.1,36.1,99.795,2023-11-29T14:58:15Z,1,scs-bgx-868
50.8,36,99.788,2023-11-29T14:59:15Z,1,scs-bgx-868
51,35.9,99.785,2023-11-29T15:00:15Z,1,scs-bgx-868
51.9,35.8,99.783,2023-11-29T15:01:15Z,1,scs-bgx-868
52.9,35.8,99.777,2023-11-29T15:02:15Z,1,scs-bgx-868
53.1,35.5,99.763,2023-11-29T15:03:15Z,1,scs-bgx-868
53.5,35.8,99.777,2023-11-29T15:04:15Z,1,scs-bgx-868
53.5,35.7,99.772,2023-11-29T15:05:15Z,1,scs-bgx-868
53.7,35.6,99.774,2023-11-29T15:06:15Z,1,scs-bgx-868
53.6,35.6,99.773,2023-11-29T15:07:15Z,1,scs-bgx-868
54,35.4,99.769,2023-11-29T15:08:15Z,1,scs-bgx-868
53.2,35.4,99.769,2023-11-29T15:09:15Z,1,scs-bgx-868
53.5,35.4,99.761,2023-11-29T15:10:15Z,1,scs-bgx-868
54.3,35.3,99.764,2023-11-29T15:11:15Z,1,scs-bgx-868
54.5,35.3,99.762,2023-11-29T15:12:15Z,1,scs-bgx-868
54.6,35.4,99.76,2023-11-29T15:13:15Z,1,scs-bgx-868
55.1,35.3,99.761,2023-11-29T15:14:15Z,1,scs-bgx-868
56.1,35.2,99.76,2023-11-29T15:15:15Z,1,scs-bgx-868
55.1,35.2,99.764,2023-11-29T15:16:15Z,1,scs-bgx-868
55.5,35.3,99.766,2023-11-29T15:17:15Z,1,scs-bgx-868
55.9,35.2,99.767,2023-11-29T15:18:15Z,1,scs-bgx-868
56.3,35.2,99.767,2023-11-29T15:19:15Z,1,scs-bgx-868
57,35,99.767,2023-11-29T15:20:15Z,1,scs-bgx-868
57.2,35,99.774,2023-11-29T15:21:15Z,1,scs-bgx-868
57.3,34.9,99.774,2023-11-29T15:22:15Z,1,scs-bgx-868
57.2,34.9,99.774,2023-11-29T15:23:15Z,1,scs-bgx-868
56.8,35,99.774,2023-11-29T15:24:15Z,1,scs-bgx-868
57.2,35.1,99.78,2023-11-29T15:25:15Z,1,scs-bgx-868
56.7,35,99.778,2023-11-29T15:26:15Z,1,scs-bgx-868
56.6,35,99.779,2023-11-29T15:27:15Z,1,scs-bgx-868
56.7,35,99.786,2023-11-29T15:28:15Z,1,scs-bgx-868
57.2,35,99.786,2023-11-29T15:29:15Z,1,scs-bgx-868
57.3,35.2,99.787,2023-11-29T15:30:15Z,1,scs-bgx-868
57.6,34.9,99.79,2023-11-29T15:31:15Z,1,scs-bgx-868
56.7,34.9,99.795,2023-11-29T15:32:15Z,1,scs-bgx-868
57,34.7,99.797,2023-11-29T15:33:15Z,1,scs-bgx-868
57.2,34.7,99.803,2023-11-29T15:34:15Z,1,scs-bgx-868
57.5,34.7,99.807,2023-11-29T15:35:15Z,1,scs-bgx-868
57.4,34.7,99.806,2023-11-29T15:36:15Z,1,scs-bgx-868
57.8,34.6,99.807,2023-11-29T15:37:15Z,1,scs-bgx-868
58.4,34.6,99.799,2023-11-29T15:39:15Z,1,scs-bgx-868
58.1,34.7,99.803,2023-11-29T15:40:15Z,1,scs-bgx-868
58.7,34.5,99.803,2023-11-29T15:41:15Z,1,scs-bgx-868
59,34.5,99.806,2023-11-29T15:42:15Z,1,scs-bgx-868
59.9,34.1,99.805,2023-11-29T15:43:15Z,1,scs-bgx-868
59.9,34.3,99.807,2023-11-29T15:44:15Z,1,scs-bgx-868
59.5,34.3,99.808,2023-11-29T15:45:15Z,1,scs-bgx-868
59.5,34.2,99.811,2023-11-29T15:46:15Z,1,scs-bgx-868
60,34,99.811,2023-11-29T15:47:15Z,1,scs-bgx-868
59.8,34,99.814,2023-11-29T15:48:15Z,1,scs-bgx-868
60.2,33.8,99.815,2023-11-29T15:49:15Z,1,scs-bgx-868
60.4,33.7,99.816,2023-11-29T15:50:15Z,1,scs-bgx-868
61.4,33.5,99.817,2023-11-29T15:51:15Z,1,scs-bgx-868
61.7,33.4,99.816,2023-11-29T15:52:15Z,1,scs-bgx-868
61.7,33.3,99.814,2023-11-29T15:53:15Z,1,scs-bgx-868
62.2,33.3,99.815,2023-11-29T15:54:15Z,1,scs-bgx-868
62.8,33.2,99.814,2023-11-29T15:55:15Z,1,scs-bgx-868
63.2,33.1,99.813,2023-11-29T15:56:15Z,1,scs-bgx-868
63.7,33,99.815,2023-11-29T15:57:15Z,1,scs-bgx-868
63.1,32.8,99.807,2023-11-29T15:58:15Z,1,scs-bgx-868
63.3,32.8,99.809,2023-11-29T15:59:15Z,1,scs-bgx-868
63.4,32.7,99.807,2023-11-29T16:00:15Z,1,scs-bgx-868
63.5,32.7,99.807,2023-11-29T16:01:15Z,1,scs-bgx-868
63.9,32.6,99.81,2023-11-29T16:02:15Z,1,scs-bgx-868
64.1,32.5,99.81,2023-11-29T16:03:15Z,1,scs-bgx-868
64.3,32.4,99.812,2023-11-29T16:04:15Z,1,scs-bgx-868
64.4,32.4,99.81,2023-11-29T16:05:15Z,1,scs-bgx-868
64.3,32.3,99.808,2023-11-29T16:06:15Z,1,scs-bgx-868
64.3,32.3,99.809,2023-11-29T16:07:15Z,1,scs-bgx-868
64.5,32.3,99.81,2023-11-29T16:08:15Z,1,scs-bgx-868
65,32.2,99.81,2023-11-29T16:09:15Z,1,scs-bgx-868
64.9,32.2,99.81,2023-11-29T16:10:15Z,1,scs-bgx-868
65.2,32.2,99.808,2023-11-29T16:11:15Z,1,scs-bgx-868
64.8,32.1,99.808,2023-11-29T16:12:15Z,1,scs-bgx-868
64.7,32.1,99.808,2023-11-29T16:13:15Z,1,scs-bgx-868
64.7,32,99.81,2023-11-29T16:14:15Z,1,scs-bgx-868
64.6,32,99.81,2023-11-29T16:15:15Z,1,scs-bgx-868
64.9,32,99.81,2023-11-29T16:16:15Z,1,scs-bgx-868
65,32.1,99.81,2023-11-29T16:17:15Z,1,scs-bgx-868
65.4,31.8,99.809,2023-11-29T16:18:15Z,1,scs-bgx-868
65.3,31.9,99.809,2023-11-29T16:19:15Z,1,scs-bgx-868
65.7,31.9,99.81,2023-11-29T16:20:15Z,1,scs-bgx-868
66.3,31.7,99.81,2023-11-29T16:21:15Z,1,scs-bgx-868
66.4,31.6,99.81,2023-11-29T16:22:15Z,1,scs-bgx-868
66.3,31.6,99.811,2023-11-29T16:23:15Z,1,scs-bgx-868
66.4,31.6,99.808,2023-11-29T16:24:15Z,1,scs-bgx-868
66.5,31.6,99.809,2023-11-29T16:25:15Z,1,scs-bgx-868
66.7,31.6,99.808,2023-11-29T16:26:15Z,1,scs-bgx-868
66.9,31.6,99.806,2023-11-29T16:27:15Z,1,scs-bgx-868
67,31.6,99.803,2023-11-29T16:28:15Z,1,scs-bgx-868
67,31.6,99.803,2023-11-29T16:29:15Z,1,scs-bgx-868
67.7,31.4,99.804,2023-11-29T16:30:15Z,1,scs-bgx-868
67.5,31.5,99.805,2023-11-29T16:31:15Z,1,scs-bgx-868
67.9,31.5,99.804,2023-11-29T16:32:15Z,1,scs-bgx-868
68.2,31.5,99.803,2023-11-29T16:33:15Z,1,scs-bgx-868
68.5,31.3,99.802,2023-11-29T16:34:15Z,1,scs-bgx-868
68.8,31.3,99.804,2023-11-29T16:35:15Z,1,scs-bgx-868
69.3,31.2,99.805,2023-11-29T16:36:15Z,1,scs-bgx-868
68.8,31.3,99.804,2023-11-29T16:37:15Z,1,scs-bgx-868
68.9,31.3,99.802,2023-11-29T16:38:15Z,1,scs-bgx-868
69.3,31.2,99.802,2023-11-29T16:39:15Z,1,scs-bgx-868
69.1,31.3,99.804,2023-11-29T16:40:15Z,1,scs-bgx-868
69,31.2,99.801,2023-11-29T16:41:15Z,1,scs-bgx-868
69.3,31.1,99.804,2023-11-29T16:42:15Z,1,scs-bgx-868
69.4,31.1,99.801,2023-11-29T16:43:15Z,1,scs-bgx-868
69.5,31.2,99.801,2023-11-29T16:44:15Z,1,scs-bgx-868
69.7,31,99.799,2023-11-29T16:45:15Z,1,scs-bgx-868
69.8,31,99.799,2023-11-29T16:46:15Z,1,scs-bgx-868
69.7,31.1,99.801,2023-11-29T16:47:15Z,1,scs-bgx-868
69.9,31,99.801,2023-11-29T16:48:15Z,1,scs-bgx-868
70.4,31,99.801,2023-11-29T16:49:15Z,1,scs-bgx-868
70.4,30.9,99.802,2023-11-29T16:50:15Z,1,scs-bgx-868
70.6,30.9,99.804,2023-11-29T16:51:15Z,1,scs-bgx-868
70.6,30.9,99.805,2023-11-29T16:52:15Z,1,scs-bgx-868
70.5,31,99.806,2023-11-29T16:53:15Z,1,scs-bgx-868
70.5,31,99.808,2023-11-29T16:54:15Z,1,scs-bgx-868
70.6,30.9,99.81,2023-11-29T16:55:15Z,1,scs-bgx-868
70.6,31,99.812,2023-11-29T16:56:15Z,1,scs-bgx-868
70.7,30.9,99.815,2023-11-29T16:57:15Z,1,scs-bgx-868
70.7,31,99.816,2023-11-29T16:58:15Z,1,scs-bgx-868
71,31,99.816,2023-11-29T16:59:15Z,1,scs-bgx-868
71,30.9,99.818,2023-11-29T17:00:15Z,1,scs-bgx-868
71.1,30.9,99.821,2023-11-29T17:01:15Z,1,scs-bgx-868
71.4,30.9,99.819,2023-11-29T17:02:15Z,1,scs-bgx-868
71.4,30.9,99.819,2023-11-29T17:03:15Z,1,scs-bgx-868
71.3,30.9,99.818,2023-11-29T17:04:15Z,1,scs-bgx-868
71.9,30.9,99.818,2023-11-29T17:05:15Z,1,scs-bgx-868
71.7,30.8,99.818,2023-11-29T17:06:15Z,1,scs-bgx-868
72.1,30.8,99.821,2023-11-29T17:07:15Z,1,scs-bgx-868
72.1,30.8,99.82,2023-11-29T17:08:15Z,1,scs-bgx-868
72.5,30.7,99.828,2023-11-29T17:09:15Z,1,scs-bgx-868
72.3,30.7,99.827,2023-11-29T17:10:15Z,1,scs-bgx-868
72.6,30.7,99.83,2023-11-29T17:11:15Z,1,scs-bgx-868
72.9,30.6,99.834,2023-11-29T17:12:15Z,1,scs-bgx-868
72.9,30.7,99.835,2023-11-29T17:13:15Z,1,scs-bgx-868
72.9,30.7,99.838,2023-11-29T17:14:15Z,1,scs-bgx-868
73.1,30.6,99.842,2023-11-29T17:15:15Z,1,scs-bgx-868
73.4,30.5,99.842,2023-11-29T17:16:15Z,1,scs-bgx-868
73.4,30.5,99.845,2023-11-29T17:17:15Z,1,scs-bgx-868
73.2,30.6,99.845,2023-11-29T17:18:15Z,1,scs-bgx-868
73.4,30.6,99.845,2023-11-29T17:19:15Z,1,scs-bgx-868
73.2,30.7,99.845,2023-11-29T17:20:15Z,1,scs-bgx-868
73.1,30.7,99.844,2023-11-29T17:21:15Z,1,scs-bgx-868
72.9,30.7,99.844,2023-11-29T17:22:15Z,1,scs-bgx-868
72.9,30.7,99.843,2023-11-29T17:23:15Z,1,scs-bgx-868
72.7,30.8,99.841,2023-11-29T17:24:15Z,1,scs-bgx-868
72.5,30.8,99.841,2023-11-29T17:25:15Z,1,scs-bgx-868
73,30.8,99.839,2023-11-29T17:26:15Z,1,scs-bgx-868
72.6,30.8,99.842,2023-11-29T17:27:15Z,1,scs-bgx-868
72.7,30.7,99.844,2023-11-29T17:28:15Z,1,scs-bgx-868
73.2,30.6,99.843,2023-11-29T17:29:15Z,1,scs-bgx-868
73.2,30.6,99.843,2023-11-29T17:30:15Z,1,scs-bgx-868
73.2,30.6,99.842,2023-11-29T17:31:15Z,1,scs-bgx-868
73.6,30.6,99.842,2023-11-29T17:32:15Z,1,scs-bgx-868
73.2,30.6,99.841,2023-11-29T17:33:15Z,1,scs-bgx-868
73.3,30.6,99.842,2023-11-29T17:34:15Z,1,scs-bgx-868
73.2,30.6,99.845,2023-11-29T17:35:15Z,1,scs-bgx-868
73.4,30.6,99.847,2023-11-29T17:36:15Z,1,scs-bgx-868
73.4,30.6,99.847,2023-11-29T17:37:15Z,1,scs-bgx-868
73.8,30.4,99.851,2023-11-29T17:38:15Z,1,scs-bgx-868
73.6,30.5,99.855,2023-11-29T17:39:15Z,1,scs-bgx-868
73.9,30.4,99.858,2023-11-29T17:40:15Z,1,scs-bgx-868
74,30.4,99.86,2023-11-29T17:41:15Z,1,scs-bgx-868
73.9,30.4,99.862,2023-11-29T17:42:15Z,1,scs-bgx-868
73.6,30.4,99.862,2023-11-29T17:43:15Z,1,scs-bgx-868
73.6,30.5,99.863,2023-11-29T17:44:15Z,1,scs-bgx-868
73.6,30.5,99.864,2023-11-29T17:45:15Z,1,scs-bgx-868
73.8,30.4,99.864,2023-11-29T17:46:15Z,1,scs-bgx-868
73.8,30.4,99.864,2023-11-29T17:47:15Z,1,scs-bgx-868
73.9,30.5,99.866,2023-11-29T17:48:15Z,1,scs-bgx-868
73.7,30.4,99.867,2023-11-29T17:49:15Z,1,scs-bgx-868
73.7,30.5,99.868,2023-11-29T17:50:15Z,1,scs-bgx-868
73.9,30.4,99.869,2023-11-29T17:51:15Z,1,scs-bgx-868
73.9,30.4,99.87,2023-11-29T17:52:15Z,1,scs-bgx-868
73.9,30.5,99.873,2023-11-29T17:53:15Z,1,scs-bgx-868
73.8,30.4,99.876,2023-11-29T17:54:15Z,1,scs-bgx-868
74,30.4,99.879,2023-11-29T17:55:15Z,1,scs-bgx-868
73.8,30.5,99.884,2023-11-29T17:56:15Z,1,scs-bgx-868
73.8,30.4,99.883,2023-11-29T17:57:15Z,1,scs-bgx-868
73.9,30.4,99.888,2023-11-29T17:58:15Z,1,scs-bgx-868
73.9,30.3,99.89,2023-11-29T17:59:15Z,1,scs-bgx-868
74.2,30.3,99.893,2023-11-29T18:00:15Z,1,scs-bgx-868
74.3,30.3,99.893,2023-11-29T18:01:15Z,1,scs-bgx-868
74.2,30.3,99.894,2023-11-29T18:02:15Z,1,scs-bgx-868
74.1,30.3,99.893,2023-11-29T18:03:15Z,1,scs-bgx-868
73.8,30.3,99.892,2023-11-29T18:04:15Z,1,scs-bgx-868
73.9,30.3,99.894,2023-11-29T18:05:15Z,1,scs-bgx-868
73.8,30.3,99.896,2023-11-29T18:06:15Z,1,scs-bgx-868
73.7,30.2,99.899,2023-11-29T18:07:15Z,1,scs-bgx-868
73.9,30.2,99.901,2023-11-29T18:08:15Z,1,scs-bgx-868
73.8,30.2,99.906,2023-11-29T18:09:15Z,1,scs-bgx-868
73.8,30.2,99.91,2023-11-29T18:10:15Z,1,scs-bgx-868
73.8,30.3,99.914,2023-11-29T18:11:15Z,1,scs-bgx-868
73.6,30.2,99.919,2023-11-29T18:12:15Z,1,scs-bgx-868
73.2,30.3,99.922,2023-11-29T18:13:15Z,1,scs-bgx-868
73,30.2,99.925,2023-11-29T18:14:15Z,1,scs-bgx-868
72.9,30.2,99.929,2023-11-29T18:15:15Z,1,scs-bgx-868
72.5,30.3,99.929,2023-11-29T18:16:15Z,1,scs-bgx-868
72.6,30.2,99.931,2023-11-29T18:17:15Z,1,scs-bgx-868
72.3,30.2,99.932,2023-11-29T18:18:15Z,1,scs-bgx-868
72.3,30.2,99.933,2023-11-29T18:19:15Z,1,scs-bgx-868
72.5,30.2,99.936,2023-11-29T18:20:15Z,1,scs-bgx-868
72.3,30.2,99.938,2023-11-29T18:21:15Z,1,scs-bgx-868
72.1,30.1,99.94,2023-11-29T18:22:15Z,1,scs-bgx-868
72.1,30.2,99.943,2023-11-29T18:23:15Z,1,scs-bgx-868
72.4,30.1,99.948,2023-11-29T18:24:15Z,1,scs-bgx-868
72.2,30.1,99.949,2023-11-29T18:25:15Z,1,scs-bgx-868
72.1,30.1,99.952,2023-11-29T18:26:15Z,1,scs-bgx-868
71.9,30.1,99.952,2023-11-29T18:27:15Z,1,scs-bgx-868
72,30,99.952,2023-11-29T18:28:15Z,1,scs-bgx-868
71.8,30.1,99.952,2023-11-29T18:29:15Z,1,scs-bgx-868
71.8,30.2,99.952,2023-11-29T18:30:15Z,1,scs-bgx-868
71.9,30.1,99.952,2023-11-29T18:31:15Z,1,scs-bgx-868
71.8,30.2,99.952,2023-11-29T18:32:15Z,1,scs-bgx-868
71.9,30.2,99.951,2023-11-29T18:33:15Z,1,scs-bgx-868
72.2,30.1,99.95,2023-11-29T18:34:15Z,1,scs-bgx-868
72.1,30.1,99.947,2023-11-29T18:35:15Z,1,scs-bgx-868
72.1,30.1,99.945,2023-11-29T18:36:15Z,1,scs-bgx-868
72.2,30.2,99.946,2023-11-29T18:37:15Z,1,scs-bgx-868
72.3,30.1,99.946,2023-11-29T18:38:15Z,1,scs-bgx-868
72.6,30.1,99.946,2023-11-29T18:39:15Z,1,scs-bgx-868
72.6,30.1,99.947,2023-11-29T18:40:15Z,1,scs-bgx-868
72.5,30.2,99.947,2023-11-29T18:41:15Z,1,scs-bgx-868
72.6,30.2,99.947,2023-11-29T18:42:15Z,1,scs-bgx-868
72.8,30.1,99.948,2023-11-29T18:43:15Z,1,scs-bgx-868
72.9,30.1,99.948,2023-11-29T18:44:15Z,1,scs-bgx-868
72.8,30.2,99.947,2023-11-29T18:45:15Z,1,scs-bgx-868
73.2,30,99.947,2023-11-29T18:46:15Z,1,scs-bgx-868
73,30.1,99.947,2023-11-29T18:47:15Z,1,scs-bgx-868
73.1,30.2,99.949,2023-11-29T18:48:15Z,1,scs-bgx-868
73,30.2,99.95,2023-11-29T18:49:15Z,1,scs-bgx-868
73.1,30.2,99.95,2023-11-29T18:50:15Z,1,scs-bgx-868
73.2,30.1,99.951,2023-11-29T18:51:15Z,1,scs-bgx-868
73.2,30.2,99.95,2023-11-29T18:52:15Z,1,scs-bgx-868
73.3,30.1,99.953,2023-11-29T18:53:15Z,1,scs-bgx-868
73.6,30.1,99.955,2023-11-29T18:54:15Z,1,scs-bgx-868
73.3,30.1,99.956,2023-11-29T18:55:15Z,1,scs-bgx-868
73.4,30.1,99.958,2023-11-29T18:56:15Z,1,scs-bgx-868
73.3,30.2,99.958,2023-11-29T18:57:15Z,1,scs-bgx-868
73.3,30.2,99.959,2023-11-29T18:58:15Z,1,scs-bgx-868
73.5,30,99.961,2023-11-29T18:59:15Z,1,scs-bgx-868
73.6,30.1,99.965,2023-11-29T19:00:15Z,1,scs-bgx-868
73.6,30.1,99.968,2023-11-29T19:01:15Z,1,scs-bgx-868
73.6,30,99.969,2023-11-29T19:02:15Z,1,scs-bgx-868
73.4,30.1,99.969,2023-11-29T19:03:15Z,1,scs-bgx-868
73.6,30.1,99.969,2023-11-29T19:04:15Z,1,scs-bgx-868
73.4,30.1,99.968,2023-11-29T19:05:15Z,1,scs-bgx-868
73.5,30,99.968,2023-11-29T19:06:15Z,1,scs-bgx-868
73.8,30,99.968,2023-11-29T19:07:15Z,1,scs-bgx-868
73.7,30,99.97,2023-11-29T19:08:15Z,1,scs-bgx-868
73.6,30,99.97,2023-11-29T19:09:15Z,1,scs-bgx-868
73.8,30,99.968,2023-11-29T19:10:15Z,1,scs-bgx-868
73.6,30,99.966,2023-11-29T19:11:15Z,1,scs-bgx-868
73.7,30,99.967,2023-11-29T19:12:15Z,1,scs-bgx-868
73.5,30,99.968,2023-11-29T19:13:15Z,1,scs-bgx-868
73.9,30,99.969,2023-11-29T19:14:15Z,1,scs-bgx-868
73.9,29.9,99.971,2023-11-29T19:15:15Z,1,scs-bgx-868
73.7,30,99.973,2023-11-29T19:16:15Z,1,scs-bgx-868
73.6,30,99.977,2023-11-29T19:17:15Z,1,scs-bgx-868
73.7,30,99.979,2023-11-29T19:18:15Z,1,scs-bgx-868
73.7,30,99.982,2023-11-29T19:19:15Z,1,scs-bgx-868
73.9,30,99.985,2023-11-29T19:20:15Z,1,scs-bgx-868
73.9,30,99.986,2023-11-29T19:21:15Z,1,scs-bgx-868
73.8,30.1,99.99,2023-11-29T19:22:15Z,1,scs-bgx-868
73.8,30,99.994,2023-11-29T19:23:15Z,1,scs-bgx-868
73.9,30,99.998,2023-11-29T19:24:15Z,1,scs-bgx-868
73.9,30,100.001,2023-11-29T19:25:15Z,1,scs-bgx-868
73.7,30,100.004,2023-11-29T19:26:15Z,1,scs-bgx-868
73.7,30,100.004,2023-11-29T19:27:15Z,1,scs-bgx-868
74,30,100.005,2023-11-29T19:28:15Z,1,scs-bgx-868
73.9,30,100.005,2023-11-29T19:29:15Z,1,scs-bgx-868
73.8,30,100.005,2023-11-29T19:30:15Z,1,scs-bgx-868
73.9,30,100.007,2023-11-29T19:31:15Z,1,scs-bgx-868
73.6,30,100.006,2023-11-29T19:32:15Z,1,scs-bgx-868
74.1,29.9,100.008,2023-11-29T19:33:15Z,1,scs-bgx-868
74.1,29.9,100.009,2023-11-29T19:34:15Z,1,scs-bgx-868
74,29.9,100.011,2023-11-29T19:35:15Z,1,scs-bgx-868
74.2,29.9,100.012,2023-11-29T19:36:15Z,1,scs-bgx-868
74,30,100.014,2023-11-29T19:37:15Z,1,scs-bgx-868
73.9,30,100.015,2023-11-29T19:38:15Z,1,scs-bgx-868
74.2,29.9,100.015,2023-11-29T19:39:15Z,1,scs-bgx-868
74.1,29.9,100.016,2023-11-29T19:40:15Z,1,scs-bgx-868
74.2,29.9,100.018,2023-11-29T19:41:15Z,1,scs-bgx-868
73.9,30,100.02,2023-11-29T19:42:15Z,1,scs-bgx-868
74,29.9,100.024,2023-11-29T19:43:15Z,1,scs-bgx-868
74.2,29.9,100.028,2023-11-29T19:44:15Z,1,scs-bgx-868
74,30,100.031,2023-11-29T19:45:15Z,1,scs-bgx-868
74.1,29.9,100.036,2023-11-29T19:46:15Z,1,scs-bgx-868
73.9,29.9,100.039,2023-11-29T19:47:15Z,1,scs-bgx-868
74.3,29.9,100.041,2023-11-29T19:48:15Z,1,scs-bgx-868
74.2,29.9,100.044,2023-11-29T19:49:15Z,1,scs-bgx-868
73.9,29.9,100.046,2023-11-29T19:50:15Z,1,scs-bgx-868
74.2,29.9,100.048,2023-11-29T19:51:15Z,1,scs-bgx-868
74.4,29.8,100.05,2023-11-29T19:52:15Z,1,scs-bgx-868
74.3,29.8,100.049,2023-11-29T19:53:15Z,1,scs-bgx-868
74.4,29.8,100.051,2023-11-29T19:54:15Z,1,scs-bgx-868
74.4,29.9,100.054,2023-11-29T19:55:15Z,1,scs-bgx-868
74.3,29.9,100.056,2023-11-29T19:56:15Z,1,scs-bgx-868
74.2,29.9,100.057,2023-11-29T19:57:15Z,1,scs-bgx-868
74.3,29.8,100.058,2023-11-29T19:58:15Z,1,scs-bgx-868
74.5,29.8,100.057,2023-11-29T19:59:15Z,1,scs-bgx-868
74.4,29.8,100.057,2023-11-29T20:00:15Z,1,scs-bgx-868
74.2,29.8,100.056,2023-11-29T20:01:15Z,1,scs-bgx-868
74.5,29.8,100.055,2023-11-29T20:02:15Z,1,scs-bgx-868
74.5,29.8,100.055,2023-11-29T20:03:15Z,1,scs-bgx-868
74.6,29.8,100.053,2023-11-29T20:04:15Z,1,scs-bgx-868
74.5,29.9,100.054,2023-11-29T20:05:15Z,1,scs-bgx-868
74.7,29.8,100.053,2023-11-29T20:06:15Z,1,scs-bgx-868
74.6,29.9,100.053,2023-11-29T20:07:15Z,1,scs-bgx-868
74.7,29.8,100.053,2023-11-29T20:08:15Z,1,scs-bgx-868
74.7,29.8,100.054,2023-11-29T20:09:15Z,1,scs-bgx-868
74.6,29.9,100.054,2023-11-29T20:10:15Z,1,scs-bgx-868
74.6,29.8,100.055,2023-11-29T20:11:15Z,1,scs-bgx-868
74.5,29.9,100.058,2023-11-29T20:12:15Z,1,scs-bgx-868
74.6,29.8,100.059,2023-11-29T20:13:15Z,1,scs-bgx-868
74.8,29.8,100.06,2023-11-29T20:14:15Z,1,scs-bgx-868
74.6,29.8,100.062,2023-11-29T20:15:15Z,1,scs-bgx-868
75,29.7,100.064,2023-11-29T20:16:15Z,1,scs-bgx-868
75,29.7,100.067,2023-11-29T20:17:15Z,1,scs-bgx-868
75,29.8,100.07,2023-11-29T20:18:15Z,1,scs-bgx-868
75,29.8,100.071,2023-11-29T20:19:15Z,1,scs-bgx-868
74.8,29.8,100.072,2023-11-29T20:20:15Z,1,scs-bgx-868
74.9,29.8,100.074,2023-11-29T20:21:15Z,1,scs-bgx-868
74.9,29.8,100.074,2023-11-29T20:22:15Z,1,scs-bgx-868
74.8,29.8,100.077,2023-11-29T20:23:15Z,1,scs-bgx-868
75.1,29.7,100.08,2023-11-29T20:24:15Z,1,scs-bgx-868
75.3,29.7,100.081,2023-11-29T20:25:15Z,1,scs-bgx-868
75.5,29.7,100.082,2023-11-29T20:26:15Z,1,scs-bgx-868
75.4,29.6,100.08,2023-11-29T20:27:15Z,1,scs-bgx-868
75.5,29.7,100.08,2023-11-29T20:28:15Z,1,scs-bgx-868
75.4,29.6,100.08,2023-11-29T20:29:15Z,1,scs-bgx-868
75.4,29.7,100.081,2023-11-29T20:30:15Z,1,scs-bgx-868
75.4,29.6,100.084,2023-11-29T20:31:15Z,1,scs-bgx-868
75.6,29.7,100.084,2023-11-29T20:32:15Z,1,scs-bgx-868
75.5,29.6,100.088,2023-11-29T20:33:15Z,1,scs-bgx-868
75.5,29.6,100.089,2023-11-29T20:34:15Z,1,scs-bgx-868
75.5,29.6,100.087,2023-11-29T20:35:15Z,1,scs-bgx-868
75.6,29.7,100.089,2023-11-29T20:36:15Z,1,scs-bgx-868
75.5,29.7,100.091,2023-11-29T20:37:15Z,1,scs-bgx-868
75.6,29.7,100.09,2023-11-29T20:38:15Z,1,scs-bgx-868
75.5,29.7,100.09,2023-11-29T20:39:15Z,1,scs-bgx-868
75.5,29.8,100.089,2023-11-29T20:40:15Z,1,scs-bgx-868
75.6,29.8,100.088,2023-11-29T20:41:15Z,1,scs-bgx-868
75.6,29.7,100.088,2023-11-29T20:42:15Z,1,scs-bgx-868
75.8,29.6,100.089,2023-11-29T20:43:15Z,1,scs-bgx-868
75.7,29.7,100.089,2023-11-29T20:44:15Z,1,scs-bgx-868
75.8,29.7,100.09,2023-11-29T20:45:15Z,1,scs-bgx-868
75.7,29.8,100.093,2023-11-29T20:46:15Z,1,scs-bgx-868
75.6,29.7,100.095,2023-11-29T20:47:15Z,1,scs-bgx-868
75.4,29.8,100.098,2023-11-29T20:48:15Z,1,scs-bgx-868
75.6,29.7,100.1,2023-11-29T20:49:15Z,1,scs-bgx-868
75.6,29.8,100.101,2023-11-29T20:50:15Z,1,scs-bgx-868
75.4,29.8,100.103,2023-11-29T20:51:15Z,1,scs-bgx-868
75.5,29.7,100.104,2023-11-29T20:52:15Z,1,scs-bgx-868
75.7,29.8,100.105,2023-11-29T20:53:15Z,1,scs-bgx-868
75.5,29.8,100.107,2023-11-29T20:54:15Z,1,scs-bgx-868
75.8,29.8,100.107,2023-11-29T20:55:15Z,1,scs-bgx-868
75.7,29.7,100.107,2023-11-29T20:56:15Z,1,scs-bgx-868
75.8,29.7,100.109,2023-11-29T20:57:15Z,1,scs-bgx-868
76,29.8,100.109,2023-11-29T20:58:15Z,1,scs-bgx-868
75.8,29.8,100.112,2023-11-29T20:59:15Z,1,scs-bgx-868
76,29.7,100.114,2023-11-29T21:00:15Z,1,scs-bgx-868
75.9,29.8,100.118,2023-11-29T21:01:15Z,1,scs-bgx-868
75.9,29.8,100.121,2023-11-29T21:02:15Z,1,scs-bgx-868
75.8,29.8,100.122,2023-11-29T21:03:15Z,1,scs-bgx-868
76,29.7,100.123,2023-11-29T21:04:15Z,1,scs-bgx-868
76,29.8,100.124,2023-11-29T21:05:15Z,1,scs-bgx-868
76.1,29.7,100.125,2023-11-29T21:06:15Z,1,scs-bgx-868
76.1,29.7,100.126,2023-11-29T21:07:15Z,1,scs-bgx-868
76,29.7,100.125,2023-11-29T21:08:15Z,1,scs-bgx-868
75.9,29.8,100.125,2023-11-29T21:09:15Z,1,scs-bgx-868
75.8,29.8,100.124,2023-11-29T21:10:15Z,1,scs-bgx-868
75.8,29.8,100.124,2023-11-29T21:11:15Z,1,scs-bgx-868
75.9,29.8,100.123,2023-11-29T21:12:15Z,1,scs-bgx-868
76.1,29.8,100.123,2023-11-29T21:13:15Z,1,scs-bgx-868
76,29.7,100.122,2023-11-29T21:14:15Z,1,scs-bgx-868
76.2,29.7,100.12,2023-11-29T21:15:15Z,1,scs-bgx-868
76.2,29.7,100.117,2023-11-29T21:16:15Z,1,scs-bgx-868
76,29.8,100.116,2023-11-29T21:17:15Z,1,scs-bgx-868
76.4,29.7,100.114,2023-11-29T21:18:15Z,1,scs-bgx-868
76.3,29.7,100.115,2023-11-29T21:19:15Z,1,scs-bgx-868
76.3,29.6,100.117,2023-11-29T21:20:15Z,1,scs-bgx-868
76.4,29.6,100.118,2023-11-29T21:21:15Z,1,scs-bgx-868
76.3,29.6,100.119,2023-11-29T21:22:15Z,1,scs-bgx-868
76.3,29.7,100.119,2023-11-29T21:23:15Z,1,scs-bgx-868
76.1,29.7,100.119,2023-11-29T21:24:15Z,1,scs-bgx-868
76.1,29.7,100.117,2023-11-29T21:25:15Z,1,scs-bgx-868
76.3,29.6,100.116,2023-11-29T21:26:15Z,1,scs-bgx-868
76.2,29.7,100.115,2023-11-29T21:27:15Z,1,scs-bgx-868
76.2,29.7,100.115,2023-11-29T21:28:15Z,1,scs-bgx-868
76.3,29.7,100.114,2023-11-29T21:29:15Z,1,scs-bgx-868
76.4,29.6,100.114,2023-11-29T21:30:15Z,1,scs-bgx-868
76.6,29.5,100.114,2023-11-29T21:31:15Z,1,scs-bgx-868
76.4,29.6,100.114,2023-11-29T21:32:15Z,1,scs-bgx-868
76.6,29.6,100.112,2023-11-29T21:33:15Z,1,scs-bgx-868
76.4,29.6,100.112,2023-11-29T21:34:15Z,1,scs-bgx-868
76.6,29.6,100.111,2023-11-29T21:35:15Z,1,scs-bgx-868
76.7,29.6,100.111,2023-11-29T21:36:15Z,1,scs-bgx-868
76.7,29.6,100.11,2023-11-29T21:37:15Z,1,scs-bgx-868
76.8,29.6,100.108,2023-11-29T21:38:15Z,1,scs-bgx-868
76.8,29.5,100.107,2023-11-29T21:39:15Z,1,scs-bgx-868
77,29.5,100.105,2023-11-29T21:40:15Z,1,scs-bgx-868
76.7,29.6,100.103,2023-11-29T21:41:15Z,1,scs-bgx-868
76.8,29.5,100.104,2023-11-29T21:42:15Z,1,scs-bgx-868
76.9,29.5,100.104,2023-11-29T21:43:15Z,1,scs-bgx-868
77.2,29.4,100.105,2023-11-29T21:44:15Z,1,scs-bgx-868
77.1,29.4,100.108,2023-11-29T21:45:15Z,1,scs-bgx-868
77.2,29.4,100.108,2023-11-29T21:46:15Z,1,scs-bgx-868
77,29.5,100.108,2023-11-29T21:47:15Z,1,scs-bgx-868
76.9,29.5,100.108,2023-11-29T21:48:15Z,1,scs-bgx-868
77,29.5,100.109,2023-11-29T21:49:15Z,1,scs-bgx-868
77.1,29.4,100.11,2023-11-29T21:50:15Z,1,scs-bgx-868
77.3,29.4,100.111,2023-11-29T21:51:15Z,1,scs-bgx-868
77.2,29.5,100.113,2023-11-29T21:52:15Z,1,scs-bgx-868
77.2,29.5,100.113,2023-11-29T21:53:15Z,1,scs-bgx-868
77,29.5,100.112,2023-11-29T21:54:15Z,1,scs-bgx-868
77,29.5,100.113,2023-11-29T21:55:15Z,1,scs-bgx-868
77.1,29.5,100.112,2023-11-29T21:56:15Z,1,scs-bgx-868
76.9,29.5,100.111,2023-11-29T21:57:15Z,1,scs-bgx-868
77,29.5,100.109,2023-11-29T21:58:15Z,1,scs-bgx-868
76.8,29.6,100.107,2023-11-29T21:59:15Z,1,scs-bgx-868
76.8,29.6,100.107,2023-11-29T22:00:15Z,1,scs-bgx-868
76.8,29.5,100.107,2023-11-29T22:01:15Z,1,scs-bgx-868
76.9,29.6,100.107,2023-11-29T22:02:15Z,1,scs-bgx-868
76.8,29.6,100.107,2023-11-29T22:03:15Z,1,scs-bgx-868
77,29.5,100.106,2023-11-29T22:04:15Z,1,scs-bgx-868
76.9,29.5,100.107,2023-11-29T22:05:15Z,1,scs-bgx-868
76.7,29.7,100.108,2023-11-29T22:06:15Z,1,scs-bgx-868
76.6,29.6,100.109,2023-11-29T22:07:15Z,1,scs-bgx-868
76.6,29.6,100.11,2023-11-29T22:08:15Z,1,scs-bgx-868
77,29.5,100.111,2023-11-29T22:09:15Z,1,scs-bgx-868
76.8,29.5,100.112,2023-11-29T22:10:15Z,1,scs-bgx-868
76.9,29.5,100.111,2023-11-29T22:11:15Z,1,scs-bgx-868
76.9,29.5,100.11,2023-11-29T22:12:15Z,1,scs-bgx-868
76.9,29.5,100.11,2023-11-29T22:13:15Z,1,scs-bgx-868
76.8,29.5,100.11,2023-11-29T22:14:15Z,1,scs-bgx-868
76.7,29.6,100.112,2023-11-29T22:15:15Z,1,scs-bgx-868
76.4,29.6,100.113,2023-11-29T22:16:15Z,1,scs-bgx-868
76.5,29.6,100.113,2023-11-29T22:17:15Z,1,scs-bgx-868
76.4,29.6,100.113,2023-11-29T22:18:15Z,1,scs-bgx-868
76.5,29.6,100.114,2023-11-29T22:19:15Z,1,scs-bgx-868
76.5,29.5,100.114,2023-11-29T22:20:15Z,1,scs-bgx-868
76.6,29.6,100.114,2023-11-29T22:21:15Z,1,scs-bgx-868
76.7,29.5,100.113,2023-11-29T22:22:15Z,1,scs-bgx-868
76.5,29.7,100.114,2023-11-29T22:23:15Z,1,scs-bgx-868
76.4,29.6,100.115,2023-11-29T22:24:15Z,1,scs-bgx-868
76.3,29.5,100.116,2023-11-29T22:25:15Z,1,scs-bgx-868
76.4,29.6,100.115,2023-11-29T22:26:15Z,1,scs-bgx-868
76.3,29.5,100.114,2023-11-29T22:27:15Z,1,scs-bgx-868
76.5,29.5,100.116,2023-11-29T22:28:15Z,1,scs-bgx-868
76.4,29.6,100.116,2023-11-29T22:29:15Z,1,scs-bgx-868
76.2,29.7,100.116,2023-11-29T22:30:15Z,1,scs-bgx-868
76.2,29.7,100.117,2023-11-29T22:31:15Z,1,scs-bgx-868
76.1,29.7,100.118,2023-11-29T22:32:15Z,1,scs-bgx-868
75.9,29.7,100.117,2023-11-29T22:33:15Z,1,scs-bgx-868
76.1,29.7,100.115,2023-11-29T22:34:15Z,1,scs-bgx-868
76.1,29.6,100.112,2023-11-29T22:35:15Z,1,scs-bgx-868
76.1,29.6,100.11,2023-11-29T22:36:15Z,1,scs-bgx-868
76.2,29.6,100.109,2023-11-29T22:37:15Z,1,scs-bgx-868
76.2,29.6,100.108,2023-11-29T22:38:15Z,1,scs-bgx-868
76.2,29.6,100.107,2023-11-29T22:39:15Z,1,scs-bgx-868
76,29.7,100.105,2023-11-29T22:40:15Z,1,scs-bgx-868
76,29.6,100.103,2023-11-29T22:41:15Z,1,scs-bgx-868
76.1,29.6,100.103,2023-11-29T22:42:15Z,1,scs-bgx-868
76.2,29.6,100.103,2023-11-29T22:43:15Z,1,scs-bgx-868
75.8,29.7,100.103,2023-11-29T22:44:15Z,1,scs-bgx-868
76.1,29.6,100.101,2023-11-29T22:45:15Z,1,scs-bgx-868
76.2,29.6,100.101,2023-11-29T22:46:15Z,1,scs-bgx-868
76.1,29.6,100.099,2023-11-29T22:47:15Z,1,scs-bgx-868
76.1,29.7,100.099,2023-11-29T22:48:15Z,1,scs-bgx-868
76.3,29.6,100.098,2023-11-29T22:49:15Z,1,scs-bgx-868
76.1,29.7,100.096,2023-11-29T22:50:15Z,1,scs-bgx-868
76.1,29.6,100.093,2023-11-29T22:51:15Z,1,scs-bgx-868
76.1,29.6,100.094,2023-11-29T22:52:15Z,1,scs-bgx-868
76.2,29.6,100.095,2023-11-29T22:53:15Z,1,scs-bgx-868
76.2,29.6,100.092,2023-11-29T22:54:15Z,1,scs-bgx-868
76.6,29.6,100.094,2023-11-29T22:55:15Z,1,scs-bgx-868
76.6,29.5,100.096,2023-11-29T22:56:15Z,1,scs-bgx-868
76.6,29.5,100.099,2023-11-29T22:57:15Z,1,scs-bgx-868
76.8,29.5,100.099,2023-11-29T22:58:15Z,1,scs-bgx-868
76.9,29.5,100.1,2023-11-29T22:59:15Z,1,scs-bgx-868
76.8,29.5,100.1,2023-11-29T23:00:15Z,1,scs-bgx-868
77,29.5,100.099,2023-11-29T23:01:15Z,1,scs-bgx-868
77.1,29.4,100.096,2023-11-29T23:02:15Z,1,scs-bgx-868
77.2,29.4,100.094,2023-11-29T23:03:15Z,1,scs-bgx-868
77.1,29.4,100.095,2023-11-29T23:04:15Z,1,scs-bgx-868
76.9,29.5,100.095,2023-11-29T23:05:15Z,1,scs-bgx-868
77,29.5,100.097,2023-11-29T23:06:15Z,1,scs-bgx-868
77.2,29.4,100.098,2023-11-29T23:07:15Z,1,scs-bgx-868
77,29.5,100.098,2023-11-29T23:08:15Z,1,scs-bgx-868
77.1,29.4,100.097,2023-11-29T23:09:15Z,1,scs-bgx-868
77.3,29.4,100.096,2023-11-29T23:10:15Z,1,scs-bgx-868
77.2,29.4,100.093,2023-11-29T23:11:15Z,1,scs-bgx-868
77.2,29.4,100.094,2023-11-29T23:12:15Z,1,scs-bgx-868
77.5,29.3,100.094,2023-11-29T23:13:15Z,1,scs-bgx-868
77.3,29.4,100.094,2023-11-29T23:14:15Z,1,scs-bgx-868
77.3,29.4,100.092,2023-11-29T23:15:15Z,1,scs-bgx-868
77.4,29.4,100.091,2023-11-29T23:16:15Z,1,scs-bgx-868
77.6,29.3,100.088,2023-11-29T23:17:15Z,1,scs-bgx-868
77.4,29.3,100.088,2023-11-29T23:18:15Z,1,scs-bgx-868
77.2,29.4,100.085,2023-11-29T23:19:15Z,1,scs-bgx-868
77.2,29.3,100.084,2023-11-29T23:20:15Z,1,scs-bgx-868
77.3,29.3,100.083,2023-11-29T23:21:15Z,1,scs-bgx-868
77.5,29.3,100.081,2023-11-29T23:22:15Z,1,scs-bgx-868
77.5,29.3,100.078,2023-11-29T23:23:15Z,1,scs-bgx-868
77.7,29.3,100.079,2023-11-29T23:24:15Z,1,scs-bgx-868
77.6,29.2,100.08,2023-11-29T23:25:15Z,1,scs-bgx-868
77.8,29.2,100.079,2023-11-29T23:26:15Z,1,scs-bgx-868
77.6,29.3,100.082,2023-11-29T23:27:15Z,1,scs-bgx-868
77.7,29.2,100.081,2023-11-29T23:28:15Z,1,scs-bgx-868
77.8,29.2,100.081,2023-11-29T23:29:15Z,1,scs-bgx-868
77.9,29.2,100.08,2023-11-29T23:30:15Z,1,scs-bgx-868
78,29.2,100.08,2023-11-29T23:31:15Z,1,scs-bgx-868
78,29.2,100.08,2023-11-29T23:32:15Z,1,scs-bgx-868
78,29.2,100.08,2023-11-29T23:33:15Z,1,scs-bgx-868
78.1,29.1,100.081,2023-11-29T23:34:15Z,1,scs-bgx-868
78,29.2,100.081,2023-11-29T23:35:15Z,1,scs-bgx-868
78.2,29.1,100.084,2023-11-29T23:36:15Z,1,scs-bgx-868
78.2,29.1,100.087,2023-11-29T23:37:15Z,1,scs-bgx-868
78.2,29.1,100.09,2023-11-29T23:38:15Z,1,scs-bgx-868
77.9,29.1,100.09,2023-11-29T23:39:15Z,1,scs-bgx-868
78.2,29,100.088,2023-11-29T23:40:15Z,1,scs-bgx-868
78.2,29.1,100.088,2023-11-29T23:41:15Z,1,scs-bgx-868
78.1,29.1,100.087,2023-11-29T23:42:15Z,1,scs-bgx-868
78.2,29.1,100.088,2023-11-29T23:43:15Z,1,scs-bgx-868
78.2,29,100.088,2023-11-29T23:44:15Z,1,scs-bgx-868
78.2,29,100.087,2023-11-29T23:45:15Z,1,scs-bgx-868
78,29.1,100.086,2023-11-29T23:46:15Z,1,scs-bgx-868
78.1,29,100.083,2023-11-29T23:47:15Z,1,scs-bgx-868
78.4,29,100.083,2023-11-29T23:48:15Z,1,scs-bgx-868
78.4,29,100.082,2023-11-29T23:49:15Z,1,scs-bgx-868
78.5,29,100.081,2023-11-29T23:50:15Z,1,scs-bgx-868
78.5,28.9,100.082,2023-11-29T23:51:15Z,1,scs-bgx-868
78.4,28.9,100.083,2023-11-29T23:52:15Z,1,scs-bgx-868
78.6,28.9,100.079,2023-11-29T23:53:15Z,1,scs-bgx-868
78.6,28.9,100.078,2023-11-29T23:54:15Z,1,scs-bgx-868
78.5,29,100.075,2023-11-29T23:55:15Z,1,scs-bgx-868
78.5,28.9,100.075,2023-11-29T23:56:15Z,1,scs-bgx-868
78.7,28.9,100.075,2023-11-29T23:57:15Z,1,scs-bgx-868
78.6,28.8,100.075,2023-11-29T23:58:15Z,1,scs-bgx-868
78.6,28.8,100.072,2023-11-29T23:59:15Z,1,scs-bgx-868
78.9,28.8,100.07,2023-11-30T00:00:15Z,1,scs-bgx-868
78.8,28.8,100.068,2023-11-30T00:01:15Z,1,scs-bgx-868
78.7,28.9,100.068,2023-11-30T00:02:15Z,1,scs-bgx-868
78.8,28.8,100.067,2023-11-30T00:03:15Z,1,scs-bgx-868
78.9,28.7,100.066,2023-11-30T00:04:15Z,1,scs-bgx-868
78.8,28.8,100.065,2023-11-30T00:05:15Z,1,scs-bgx-868
78.8,28.8,100.062,2023-11-30T00:06:15Z,1,scs-bgx-868
79,28.8,100.06,2023-11-30T00:07:15Z,1,scs-bgx-868
78.6,28.8,100.06,2023-11-30T00:08:15Z,1,scs-bgx-868
78.8,28.8,100.059,2023-11-30T00:09:15Z,1,scs-bgx-868
78.9,28.7,100.059,2023-11-30T00:10:15Z,1,scs-bgx-868
78.8,28.8,100.058,2023-11-30T00:11:15Z,1,scs-bgx-868
78.8,28.8,100.058,2023-11-30T00:12:15Z,1,scs-bgx-868
78.8,28.8,100.058,2023-11-30T00:13:15Z,1,scs-bgx-868
78.8,28.7,100.058,2023-11-30T00:14:15Z,1,scs-bgx-868
78.8,28.7,100.061,2023-11-30T00:15:15Z,1,scs-bgx-868
78.9,28.8,100.063,2023-11-30T00:16:15Z,1,scs-bgx-868
78.8,28.7,100.064,2023-11-30T00:17:15Z,1,scs-bgx-868
78.9,28.7,100.065,2023-11-30T00:18:15Z,1,scs-bgx-868
78.9,28.7,100.066,2023-11-30T00:19:15Z,1,scs-bgx-868
78.7,28.7,100.065,2023-11-30T00:20:15Z,1,scs-bgx-868
78.8,28.7,100.066,2023-11-30T00:21:15Z,1,scs-bgx-868
78.8,28.7,100.065,2023-11-30T00:22:15Z,1,scs-bgx-868
78.7,28.7,100.066,2023-11-30T00:23:15Z,1,scs-bgx-868
78.8,28.7,100.063,2023-11-30T00:24:15Z,1,scs-bgx-868
78.9,28.7,100.06,2023-11-30T00:25:15Z,1,scs-bgx-868
78.6,28.7,100.057,2023-11-30T00:26:15Z,1,scs-bgx-868
78.6,28.7,100.054,2023-11-30T00:27:15Z,1,scs-bgx-868
78.7,28.7,100.055,2023-11-30T00:28:15Z,1,scs-bgx-868
78.6,28.6,100.055,2023-11-30T00:29:15Z,1,scs-bgx-868
78.6,28.7,100.054,2023-11-30T00:30:15Z,1,scs-bgx-868
78.8,28.7,100.052,2023-11-30T00:31:15Z,1,scs-bgx-868
78.8,28.7,100.047,2023-11-30T00:32:15Z,1,scs-bgx-868
78.7,28.6,100.046,2023-11-30T00:33:15Z,1,scs-bgx-868
79,28.6,100.043,2023-11-30T00:34:15Z,1,scs-bgx-868
78.9,28.6,100.044,2023-11-30T00:35:15Z,1,scs-bgx-868
79.1,28.6,100.042,2023-11-30T00:36:15Z,1,scs-bgx-868
79,28.6,100.042,2023-11-30T00:37:15Z,1,scs-bgx-868
79,28.6,100.039,2023-11-30T00:38:15Z,1,scs-bgx-868
78.7,28.7,100.036,2023-11-30T00:39:15Z,1,scs-bgx-868
78.9,28.6,100.032,2023-11-30T00:40:15Z,1,scs-bgx-868
79,28.5,100.03,2023-11-30T00:41:15Z,1,scs-bgx-868
79,28.6,100.027,2023-11-30T00:42:15Z,1,scs-bgx-868
78.9,28.5,100.026,2023-11-30T00:43:15Z,1,scs-bgx-868
78.9,28.5,100.027,2023-11-30T00:44:15Z,1,scs-bgx-868
78.9,28.5,100.027,2023-11-30T00:45:15Z,1,scs-bgx-868
79.1,28.5,100.027,2023-11-30T00:46:15Z,1,scs-bgx-868
78.9,28.5,100.026,2023-11-30T00:47:15Z,1,scs-bgx-868
79.1,28.5,100.025,2023-11-30T00:48:15Z,1,scs-bgx-868
79,28.5,100.025,2023-11-30T00:49:15Z,1,scs-bgx-868
79.1,28.5,100.026,2023-11-30T00:50:15Z,1,scs-bgx-868
79,28.4,100.024,2023-11-30T00:51:15Z,1,scs-bgx-868
79.2,28.5,100.023,2023-11-30T00:52:15Z,1,scs-bgx-868
79,28.5,100.022,2023-11-30T00:53:15Z,1,scs-bgx-868
79,28.5,100.02,2023-11-30T00:54:15Z,1,scs-bgx-868
79.1,28.5,100.019,2023-11-30T00:55:15Z,1,scs-bgx-868
79,28.5,100.016,2023-11-30T00:56:15Z,1,scs-bgx-868
78.9,28.4,100.016,2023-11-30T00:57:15Z,1,scs-bgx-868
79,28.5,100.015,2023-11-30T00:58:15Z,1,scs-bgx-868
79,28.5,100.016,2023-11-30T00:59:15Z,1,scs-bgx-868
79,28.5,100.016,2023-11-30T01:00:15Z,1,scs-bgx-868
79,28.4,100.016,2023-11-30T01:01:15Z,1,scs-bgx-868
78.9,28.5,100.015,2023-11-30T01:02:15Z,1,scs-bgx-868
79.1,28.5,100.013,2023-11-30T01:03:15Z,1,scs-bgx-868
78.9,28.5,100.012,2023-11-30T01:04:15Z,1,scs-bgx-868
78.8,28.6,100.01,2023-11-30T01:05:15Z,1,scs-bgx-868
78.8,28.5,100.009,2023-11-30T01:06:15Z,1,scs-bgx-868
78.9,28.5,100.008,2023-11-30T01:07:15Z,1,scs-bgx-868
78.9,28.5,100.01,2023-11-30T01:08:15Z,1,scs-bgx-868
79.2,28.4,100.01,2023-11-30T01:09:15Z,1,scs-bgx-868
78.9,28.5,100.01,2023-11-30T01:10:15Z,1,scs-bgx-868
79,28.5,100.009,2023-11-30T01:11:15Z,1,scs-bgx-868
78.9,28.5,100.01,2023-11-30T01:12:15Z,1,scs-bgx-868
79,28.5,100.01,2023-11-30T01:13:15Z,1,scs-bgx-868
79,28.5,100.009,2023-11-30T01:14:15Z,1,scs-bgx-868
78.9,28.5,100.008,2023-11-30T01:15:15Z,1,scs-bgx-868
78.9,28.5,100.007,2023-11-30T01:16:15Z,1,scs-bgx-868
79.2,28.4,100.009,2023-11-30T01:17:15Z,1,scs-bgx-868
78.9,28.4,100.008,2023-11-30T01:18:15Z,1,scs-bgx-868
79,28.4,100.007,2023-11-30T01:19:15Z,1,scs-bgx-868
79.1,28.4,100.007,2023-11-30T01:20:15Z,1,scs-bgx-868
79.2,28.3,100.006,2023-11-30T01:21:15Z,1,scs-bgx-868
79.4,28.3,100.006,2023-11-30T01:22:15Z,1,scs-bgx-868
79.4,28.4,100.006,2023-11-30T01:23:15Z,1,scs-bgx-868
79.3,28.3,100.006,2023-11-30T01:24:15Z,1,scs-bgx-868
79.4,28.3,100.006,2023-11-30T01:25:15Z,1,scs-bgx-868
79.6,28.2,100.005,2023-11-30T01:26:15Z,1,scs-bgx-868
79.5,28.3,100.003,2023-11-30T01:27:15Z,1,scs-bgx-868
79.4,28.3,100.001,2023-11-30T01:28:15Z,1,scs-bgx-868
79.8,28.1,100.003,2023-11-30T01:29:15Z,1,scs-bgx-868
79.7,28.2,100.006,2023-11-30T01:30:15Z,1,scs-bgx-868
79.6,28.2,100.006,2023-11-30T01:31:15Z,1,scs-bgx-868
79.6,28.2,100.004,2023-11-30T01:32:15Z,1,scs-bgx-868
79.5,28.2,100.003,2023-11-30T01:33:15Z,1,scs-bgx-868
79.5,28.3,100,2023-11-30T01:34:15Z,1,scs-bgx-868
79.6,28.2,99.998,2023-11-30T01:35:15Z,1,scs-bgx-868
79.4,28.2,99.998,2023-11-30T01:36:15Z,1,scs-bgx-868
79.7,28.2,99.998,2023-11-30T01:37:15Z,1,scs-bgx-868
79.7,28.2,99.996,2023-11-30T01:38:15Z,1,scs-bgx-868
79.7,28.2,99.994,2023-11-30T01:39:15Z,1,scs-bgx-868
79.7,28.2,99.991,2023-11-30T01:40:15Z,1,scs-bgx-868
79.7,28.2,99.989,2023-11-30T01:41:15Z,1,scs-bgx-868
79.8,28.1,99.988,2023-11-30T01:42:15Z,1,scs-bgx-868
79.6,28.1,99.986,2023-11-30T01:43:15Z,1,scs-bgx-868
79.8,28.1,99.985,2023-11-30T01:44:15Z,1,scs-bgx-868
79.8,28.1,99.982,2023-11-30T01:45:15Z,1,scs-bgx-868
79.8,28.2,99.978,2023-11-30T01:46:15Z,1,scs-bgx-868
80,28.1,99.976,2023-11-30T01:47:15Z,1,scs-bgx-868
79.9,28.1,99.973,2023-11-30T01:48:15Z,1,scs-bgx-868
80,28.1,99.972,2023-11-30T01:49:15Z,1,scs-bgx-868
79.9,28,99.972,2023-11-30T01:50:15Z,1,scs-bgx-868
80,28.1,99.971,2023-11-30T01:51:15Z,1,scs-bgx-868
80.1,28,99.97,2023-11-30T01:52:15Z,1,scs-bgx-868
80.2,28,99.97,2023-11-30T01:53:15Z,1,scs-bgx-868
80.2,28,99.968,2023-11-30T01:54:15Z,1,scs-bgx-868
80,28.1,99.969,2023-11-30T01:55:15Z,1,scs-bgx-868
80.2,28,99.97,2023-11-30T01:56:15Z,1,scs-bgx-868
80.2,28,99.969,2023-11-30T01:57:15Z,1,scs-bgx-868
80.3,28,99.967,2023-11-30T01:58:15Z,1,scs-bgx-868
80.4,28,99.963,2023-11-30T01:59:15Z,1,scs-bgx-868
80.4,28,99.959,2023-11-30T02:00:15Z,1,scs-bgx-868
80.3,28,99.959,2023-11-30T02:01:15Z,1,scs-bgx-868
80.5,28.1,99.957,2023-11-30T02:02:15Z,1,scs-bgx-868
80.3,28,99.96,2023-11-30T02:03:15Z,1,scs-bgx-868
80.5,28,99.957,2023-11-30T02:04:15Z,1,scs-bgx-868
80.7,27.9,99.959,2023-11-30T02:05:15Z,1,scs-bgx-868
80.6,28,99.959,2023-11-30T02:06:15Z,1,scs-bgx-868
80.6,27.9,99.957,2023-11-30T02:07:15Z,1,scs-bgx-868
80.5,27.9,99.958,2023-11-30T02:08:15Z,1,scs-bgx-868
80.6,28,99.955,2023-11-30T02:09:15Z,1,scs-bgx-868
80.9,27.9,99.952,2023-11-30T02:10:15Z,1,scs-bgx-868
80.8,27.9,99.952,2023-11-30T02:11:15Z,1,scs-bgx-868
80.7,27.9,99.951,2023-11-30T02:12:15Z,1,scs-bgx-868
80.8,28,99.95,2023-11-30T02:13:15Z,1,scs-bgx-868
80.8,28,99.95,2023-11-30T02:14:15Z,1,scs-bgx-868
80.5,27.9,99.95,2023-11-30T02:15:15Z,1,scs-bgx-868
80.7,28,99.95,2023-11-30T02:16:15Z,1,scs-bgx-868
80.7,28,99.95,2023-11-30T02:17:15Z,1,scs-bgx-868
80.8,27.9,99.95,2023-11-30T02:18:15Z,1,scs-bgx-868
80.6,28,99.95,2023-11-30T02:19:15Z,1,scs-bgx-868
80.8,27.9,99.948,2023-11-30T02:20:15Z,1,scs-bgx-868
80.8,27.9,99.949,2023-11-30T02:21:15Z,1,scs-bgx-868
80.7,27.9,99.949,2023-11-30T02:22:15Z,1,scs-bgx-868
80.8,28,99.952,2023-11-30T02:23:15Z,1,scs-bgx-868
80.9,27.9,99.952,2023-11-30T02:24:15Z,1,scs-bgx-868
80.8,28,99.954,2023-11-30T02:25:15Z,1,scs-bgx-868
80.9,28,99.953,2023-11-30T02:26:15Z,1,scs-bgx-868
80.9,28,99.954,2023-11-30T02:27:15Z,1,scs-bgx-868
80.8,28,99.955,2023-11-30T02:28:15Z,1,scs-bgx-868
80.8,28,99.957,2023-11-30T02:29:15Z,1,scs-bgx-868
80.9,28,99.958,2023-11-30T02:30:15Z,1,scs-bgx-868
81,28,99.956,2023-11-30T02:31:15Z,1,scs-bgx-868
80.9,28,99.956,2023-11-30T02:32:15Z,1,scs-bgx-868
81,27.9,99.957,2023-11-30T02:33:15Z,1,scs-bgx-868
81,28,99.957,2023-11-30T02:34:15Z,1,scs-bgx-868
81.1,27.9,99.958,2023-11-30T02:35:15Z,1,scs-bgx-868
81,28,99.958,2023-11-30T02:36:15Z,1,scs-bgx-868
81.1,28,99.958,2023-11-30T02:37:15Z,1,scs-bgx-868
81.2,27.9,99.957,2023-11-30T02:38:15Z,1,scs-bgx-868
81.1,27.9,99.957,2023-11-30T02:39:15Z,1,scs-bgx-868
81.1,27.9,99.957,2023-11-30T02:40:15Z,1,scs-bgx-868
81.1,28,99.958,2023-11-30T02:41:15Z,1,scs-bgx-868
81.2,27.9,99.958,2023-11-30T02:42:15Z,1,scs-bgx-868
81.4,27.9,99.957,2023-11-30T02:43:15Z,1,scs-bgx-868
81.4,27.9,99.956,2023-11-30T02:44:15Z,1,scs-bgx-868
81.3,27.9,99.956,2023-11-30T02:45:15Z,1,scs-bgx-868
81.2,28,99.956,2023-11-30T02:46:15Z,1,scs-bgx-868
81.3,27.9,99.956,2023-11-30T02:47:15Z,1,scs-bgx-868
81.4,27.9,99.956,2023-11-30T02:48:15Z,1,scs-bgx-868
81.5,27.9,99.955,2023-11-30T02:49:15Z,1,scs-bgx-868
81.5,27.9,99.953,2023-11-30T02:50:15Z,1,scs-bgx-868
81.6,27.9,99.954,2023-11-30T02:51:15Z,1,scs-bgx-868
81.4,27.9,99.954,2023-11-30T02:52:15Z,1,scs-bgx-868
81.2,28,99.955,2023-11-30T02:53:15Z,1,scs-bgx-868
81.3,27.9,99.957,2023-11-30T02:54:15Z,1,scs-bgx-868
81.4,27.9,99.958,2023-11-30T02:55:15Z,1,scs-bgx-868
81.5,27.8,99.959,2023-11-30T02:56:15Z,1,scs-bgx-868
81.3,27.9,99.956,2023-11-30T02:57:15Z,1,scs-bgx-868
81.5,27.9,99.955,2023-11-30T02:58:15Z,1,scs-bgx-868
81.6,27.8,99.955,2023-11-30T02:59:15Z,1,scs-bgx-868
81.6,27.8,99.953,2023-11-30T03:00:15Z,1,scs-bgx-868
81.5,27.9,99.953,2023-11-30T03:01:15Z,1,scs-bgx-868
81.5,27.9,99.951,2023-11-30T03:02:15Z,1,scs-bgx-868
81.4,27.9,99.954,2023-11-30T03:03:15Z,1,scs-bgx-868
81.4,27.9,99.955,2023-11-30T03:04:15Z,1,scs-bgx-868
81.4,27.9,99.956,2023-11-30T03:05:15Z,1,scs-bgx-868
81.5,27.9,99.957,2023-11-30T03:06:15Z,1,scs-bgx-868
81.3,27.9,99.957,2023-11-30T03:07:15Z,1,scs-bgx-868
81.3,27.9,99.959,2023-11-30T03:08:15Z,1,scs-bgx-868
81.4,27.8,99.958,2023-11-30T03:09:15Z,1,scs-bgx-868
81.4,27.8,99.958,2023-11-30T03:10:15Z,1,scs-bgx-868
81.3,27.8,99.957,2023-11-30T03:11:15Z,1,scs-bgx-868
81.5,27.8,99.957,2023-11-30T03:12:15Z,1,scs-bgx-868
81.4,27.8,99.956,2023-11-30T03:13:15Z,1,scs-bgx-868
81.5,27.8,99.957,2023-11-30T03:14:15Z,1,scs-bgx-868
81.5,27.8,99.957,2023-11-30T03:15:15Z,1,scs-bgx-868
81.5,27.8,99.957,2023-11-30T03:16:15Z,1,scs-bgx-868
81.4,27.9,99.956,2023-11-30T03:17:15Z,1,scs-bgx-868
81.5,27.8,99.955,2023-11-30T03:18:15Z,1,scs-bgx-868
81.4,27.9,99.954,2023-11-30T03:19:15Z,1,scs-bgx-868
81.6,27.9,99.952,2023-11-30T03:20:15Z,1,scs-bgx-868
81.3,27.9,99.951,2023-11-30T03:21:15Z,1,scs-bgx-868
81.4,27.9,99.951,2023-11-30T03:22:15Z,1,scs-bgx-868
81.4,27.8,99.951,2023-11-30T03:23:15Z,1,scs-bgx-868
81.4,27.8,99.951,2023-11-30T03:24:15Z,1,scs-bgx-868
81.4,27.8,99.95,2023-11-30T03:25:15Z,1,scs-bgx-868
81.4,27.8,99.949,2023-11-30T03:26:15Z,1,scs-bgx-868
81.4,27.9,99.947,2023-11-30T03:27:15Z,1,scs-bgx-868
81.6,27.9,99.947,2023-11-30T03:28:15Z,1,scs-bgx-868
81.6,27.8,99.946,2023-11-30T03:29:15Z,1,scs-bgx-868
81.4,27.7,99.947,2023-11-30T03:30:15Z,1,scs-bgx-868
81.5,27.8,99.95,2023-11-30T03:31:15Z,1,scs-bgx-868
81.6,27.8,99.949,2023-11-30T03:32:15Z,1,scs-bgx-868
81.5,27.8,99.951,2023-11-30T03:33:15Z,1,scs-bgx-868
81.4,27.8,99.95,2023-11-30T03:34:15Z,1,scs-bgx-868
81.4,27.8,99.946,2023-11-30T03:35:15Z,1,scs-bgx-868
81.4,27.8,99.944,2023-11-30T03:36:15Z,1,scs-bgx-868
81.6,27.8,99.942,2023-11-30T03:37:15Z,1,scs-bgx-868
81.6,27.7,99.943,2023-11-30T03:38:15Z,1,scs-bgx-868
81.8,27.7,99.942,2023-11-30T03:39:15Z,1,scs-bgx-868
81.9,27.7,99.944,2023-11-30T03:40:15Z,1,scs-bgx-868
81.8,27.7,99.943,2023-11-30T03:41:15Z,1,scs-bgx-868
81.8,27.7,99.945,2023-11-30T03:42:15Z,1,scs-bgx-868
81.8,27.7,99.945,2023-11-30T03:43:15Z,1,scs-bgx-868
82,27.7,99.947,2023-11-30T03:44:15Z,1,scs-bgx-868
81.8,27.7,99.948,2023-11-30T03:45:15Z,1,scs-bgx-868
81.8,27.7,99.947,2023-11-30T03:46:15Z,1,scs-bgx-868
81.9,27.7,99.947,2023-11-30T03:47:15Z,1,scs-bgx-868
81.8,27.8,99.946,2023-11-30T03:48:15Z,1,scs-bgx-868
81.8,27.7,99.946,2023-11-30T03:49:15Z,1,scs-bgx-868
81.8,27.7,99.945,2023-11-30T03:50:15Z,1,scs-bgx-868
82,27.6,99.95,2023-11-30T03:51:15Z,1,scs-bgx-868
82,27.7,99.95,2023-11-30T03:52:15Z,1,scs-bgx-868
81.9,27.7,99.948,2023-11-30T03:53:15Z,1,scs-bgx-868
81.9,27.7,99.95,2023-11-30T03:54:15Z,1,scs-bgx-868
82,27.7,99.948,2023-11-30T03:55:15Z,1,scs-bgx-868
82.1,27.6,99.948,2023-11-30T03:56:15Z,1,scs-bgx-868
82,27.7,99.945,2023-11-30T03:57:15Z,1,scs-bgx-868
82.2,27.7,99.948,2023-11-30T03:58:15Z,1,scs-bgx-868
82,27.7,99.95,2023-11-30T03:59:15Z,1,scs-bgx-868
82.1,27.6,99.95,2023-11-30T04:00:15Z,1,scs-bgx-868
82.1,27.6,99.949,2023-11-30T04:01:15Z,1,scs-bgx-868
82.1,27.7,99.948,2023-11-30T04:02:15Z,1,scs-bgx-868
82.1,27.6,99.947,2023-11-30T04:03:15Z,1,scs-bgx-868
82.1,27.6,99.947,2023-11-30T04:04:15Z,1,scs-bgx-868
82.1,27.6,99.947,2023-11-30T04:05:15Z,1,scs-bgx-868
82.2,27.7,99.947,2023-11-30T04:06:15Z,1,scs-bgx-868
82.1,27.7,99.949,2023-11-30T04:07:15Z,1,scs-bgx-868
82.1,27.6,99.95,2023-11-30T04:08:15Z,1,scs-bgx-868
82.2,27.5,99.95,2023-11-30T04:09:15Z,1,scs-bgx-868
82,27.6,99.95,2023-11-30T04:10:15Z,1,scs-bgx-868
82.1,27.7,99.948,2023-11-30T04:11:15Z,1,scs-bgx-868
82.1,27.6,99.948,2023-11-30T04:12:15Z,1,scs-bgx-868
82.1,27.6,99.948,2023-11-30T04:13:15Z,1,scs-bgx-868
82.1,27.6,99.952,2023-11-30T04:14:15Z,1,scs-bgx-868
82.1,27.6,99.951,2023-11-30T04:15:15Z,1,scs-bgx-868
82.1,27.6,99.951,2023-11-30T04:16:15Z,1,scs-bgx-868
82.1,27.6,99.948,2023-11-30T04:17:15Z,1,scs-bgx-868
82,27.6,99.948,2023-11-30T04:18:15Z,1,scs-bgx-868
82,27.6,99.947,2023-11-30T04:19:15Z,1,scs-bgx-868
81.9,27.6,99.952,2023-11-30T04:20:15Z,1,scs-bgx-868
82,27.6,99.949,2023-11-30T04:21:15Z,1,scs-bgx-868
81.9,27.6,99.951,2023-11-30T04:22:15Z,1,scs-bgx-868
81.8,27.5,99.952,2023-11-30T04:23:15Z,1,scs-bgx-868
81.8,27.6,99.952,2023-11-30T04:24:15Z,1,scs-bgx-868
82.1,27.5,99.952,2023-11-30T04:25:15Z,1,scs-bgx-868
82,27.5,99.952,2023-11-30T04:26:15Z,1,scs-bgx-868
82.1,27.5,99.952,2023-11-30T04:27:15Z,1,scs-bgx-868
82.1,27.5,99.951,2023-11-30T04:28:15Z,1,scs-bgx-868
82.1,27.4,99.952,2023-11-30T04:29:15Z,1,scs-bgx-868
82.2,27.5,99.955,2023-11-30T04:30:15Z,1,scs-bgx-868
82.2,27.5,99.953,2023-11-30T04:31:15Z,1,scs-bgx-868
82.1,27.5,99.952,2023-11-30T04:32:15Z,1,scs-bgx-868
82.2,27.5,99.955,2023-11-30T04:33:15Z,1,scs-bgx-868
82,27.5,99.954,2023-11-30T04:34:15Z,1,scs-bgx-868
82.1,27.5,99.958,2023-11-30T04:35:15Z,1,scs-bgx-868
82.2,27.5,99.959,2023-11-30T04:36:15Z,1,scs-bgx-868
82.1,27.5,99.964,2023-11-30T04:37:15Z,1,scs-bgx-868
82.2,27.5,99.964,2023-11-30T04:38:15Z,1,scs-bgx-868
82.3,27.5,99.968,2023-11-30T04:39:15Z,1,scs-bgx-868
82.3,27.5,99.97,2023-11-30T04:40:15Z,1,scs-bgx-868
82.2,27.5,99.971,2023-11-30T04:41:15Z,1,scs-bgx-868
82.4,27.5,99.974,2023-11-30T04:42:15Z,1,scs-bgx-868
82.4,27.5,99.976,2023-11-30T04:43:15Z,1,scs-bgx-868
82.3,27.4,99.978,2023-11-30T04:44:15Z,1,scs-bgx-868
82.3,27.5,99.979,2023-11-30T04:45:15Z,1,scs-bgx-868
82.4,27.4,99.977,2023-11-30T04:46:15Z,1,scs-bgx-868
82.4,27.4,99.975,2023-11-30T04:47:15Z,1,scs-bgx-868
82.5,27.4,99.979,2023-11-30T04:48:15Z,1,scs-bgx-868
82.5,27.4,99.978,2023-11-30T04:49:15Z,1,scs-bgx-868
82.7,27.4,99.979,2023-11-30T04:50:15Z,1,scs-bgx-868
82.4,27.4,99.98,2023-11-30T04:51:15Z,1,scs-bgx-868
82.5,27.4,99.981,2023-11-30T04:52:15Z,1,scs-bgx-868
82.5,27.5,99.982,2023-11-30T04:53:15Z,1,scs-bgx-868
82.6,27.4,99.982,2023-11-30T04:54:15Z,1,scs-bgx-868
82.5,27.4,99.987,2023-11-30T04:55:15Z,1,scs-bgx-868
82.6,27.4,99.988,2023-11-30T04:56:15Z,1,scs-bgx-868
82.6,27.5,99.989,2023-11-30T04:57:15Z,1,scs-bgx-868
82.6,27.4,99.987,2023-11-30T04:58:15Z,1,scs-bgx-868
82.7,27.4,99.985,2023-11-30T04:59:15Z,1,scs-bgx-868
82.7,27.4,99.982,2023-11-30T05:00:15Z,1,scs-bgx-868
82.7,27.4,99.982,2023-11-30T05:01:15Z,1,scs-bgx-868
82.6,27.4,99.982,2023-11-30T05:02:15Z,1,scs-bgx-868
82.7,27.4,99.986,2023-11-30T05:03:15Z,1,scs-bgx-868
82.7,27.4,99.989,2023-11-30T05:04:15Z,1,scs-bgx-868
82.8,27.4,99.987,2023-11-30T05:05:15Z,1,scs-bgx-868
82.5,27.4,99.988,2023-11-30T05:06:15Z,1,scs-bgx-868
82.7,27.4,99.988,2023-11-30T05:07:15Z,1,scs-bgx-868
82.6,27.4,99.989,2023-11-30T05:08:15Z,1,scs-bgx-868
82.7,27.4,99.991,2023-11-30T05:09:15Z,1,scs-bgx-868
82.7,27.4,99.99,2023-11-30T05:10:15Z,1,scs-bgx-868
82.7,27.3,99.988,2023-11-30T05:11:15Z,1,scs-bgx-868
82.5,27.4,99.987,2023-11-30T05:12:15Z,1,scs-bgx-868
82.5,27.4,99.989,2023-11-30T05:13:15Z,1,scs-bgx-868
82.6,27.3,99.989,2023-11-30T05:14:15Z,1,scs-bgx-868
82.5,27.4,99.988,2023-11-30T05:15:15Z,1,scs-bgx-868
82.3,27.4,99.988,2023-11-30T05:16:15Z,1,scs-bgx-868
82.5,27.3,99.987,2023-11-30T05:17:15Z,1,scs-bgx-868
82.6,27.3,99.986,2023-11-30T05:18:15Z,1,scs-bgx-868
82.6,27.3,99.985,2023-11-30T05:19:15Z,1,scs-bgx-868
82.5,27.3,99.984,2023-11-30T05:20:15Z,1,scs-bgx-868
82.6,27.3,99.985,2023-11-30T05:21:15Z,1,scs-bgx-868
82.4,27.3,99.984,2023-11-30T05:22:15Z,1,scs-bgx-868
82.6,27.3,99.987,2023-11-30T05:23:15Z,1,scs-bgx-868
82.6,27.2,99.989,2023-11-30T05:24:15Z,1,scs-bgx-868
82.6,27.3,99.99,2023-11-30T05:25:15Z,1,scs-bgx-868
82.3,27.3,99.991,2023-11-30T05:26:15Z,1,scs-bgx-868
82.6,27.3,99.993,2023-11-30T05:27:15Z,1,scs-bgx-868
82.5,27.3,99.993,2023-11-30T05:28:15Z,1,scs-bgx-868
82.5,27.3,99.995,2023-11-30T05:29:15Z,1,scs-bgx-868
82.5,27.3,99.996,2023-11-30T05:30:15Z,1,scs-bgx-868
82.4,27.3,99.997,2023-11-30T05:31:15Z,1,scs-bgx-868
82.2,27.4,99.998,2023-11-30T05:32:15Z,1,scs-bgx-868
82.2,27.3,99.998,2023-11-30T05:33:15Z,1,scs-bgx-868
82.2,27.3,100,2023-11-30T05:34:15Z,1,scs-bgx-868
82.2,27.3,99.998,2023-11-30T05:35:15Z,1,scs-bgx-868
82.1,27.4,100.002,2023-11-30T05:36:15Z,1,scs-bgx-868
82.1,27.4,100.001,2023-11-30T05:37:15Z,1,scs-bgx-868
82.2,27.3,100.004,2023-11-30T05:38:15Z,1,scs-bgx-868
82.2,27.3,100.004,2023-11-30T05:39:15Z,1,scs-bgx-868
82.3,27.3,100.003,2023-11-30T05:40:15Z,1,scs-bgx-868
82.3,27.2,100.007,2023-11-30T05:41:15Z,1,scs-bgx-868
82.1,27.3,100.006,2023-11-30T05:42:15Z,1,scs-bgx-868
82,27.3,100.009,2023-11-30T05:43:15Z,1,scs-bgx-868
82.1,27.3,100.01,2023-11-30T05:44:15Z,1,scs-bgx-868
82.1,27.2,100.012,2023-11-30T05:45:15Z,1,scs-bgx-868
82,27.3,100.016,2023-11-30T05:46:15Z,1,scs-bgx-868
82,27.3,100.018,2023-11-30T05:47:15Z,1,scs-bgx-868
82.2,27.3,100.02,2023-11-30T05:48:15Z,1,scs-bgx-868
82.1,27.3,100.02,2023-11-30T05:49:15Z,1,scs-bgx-868
82.1,27.3,100.023,2023-11-30T05:50:15Z,1,scs-bgx-868
82,27.3,100.025,2023-11-30T05:51:15Z,1,scs-bgx-868
81.9,27.4,100.029,2023-11-30T05:52:15Z,1,scs-bgx-868
82.1,27.3,100.031,2023-11-30T05:53:15Z,1,scs-bgx-868
81.8,27.4,100.031,2023-11-30T05:54:15Z,1,scs-bgx-868
81.8,27.3,100.031,2023-11-30T05:55:15Z,1,scs-bgx-868
81.9,27.3,100.033,2023-11-30T05:56:15Z,1,scs-bgx-868
81.9,27.3,100.035,2023-11-30T05:57:15Z,1,scs-bgx-868
81.9,27.3,100.039,2023-11-30T05:58:15Z,1,scs-bgx-868
81.8,27.3,100.039,2023-11-30T05:59:15Z,1,scs-bgx-868
81.6,27.4,100.04,2023-11-30T06:00:15Z,1,scs-bgx-868
81.8,27.4,100.043,2023-11-30T06:01:15Z,1,scs-bgx-868
81.6,27.4,100.044,2023-11-30T06:02:15Z,1,scs-bgx-868
81.8,27.3,100.047,2023-11-30T06:03:15Z,1,scs-bgx-868
81.8,27.4,100.052,2023-11-30T06:04:15Z,1,scs-bgx-868
81.9,27.3,100.051,2023-11-30T06:05:15Z,1,scs-bgx-868
82.1,27.3,100.052,2023-11-30T06:06:15Z,1,scs-bgx-868
82,27.3,100.053,2023-11-30T06:07:15Z,1,scs-bgx-868
82.1,27.3,100.054,2023-11-30T06:08:15Z,1,scs-bgx-868
82.1,27.3,100.053,2023-11-30T06:09:15Z,1,scs-bgx-868
82,27.3,100.055,2023-11-30T06:10:15Z,1,scs-bgx-868
81.9,27.3,100.057,2023-11-30T06:11:15Z,1,scs-bgx-868
81.9,27.3,100.058,2023-11-30T06:12:15Z,1,scs-bgx-868
81.7,27.3,100.057,2023-11-30T06:13:15Z,1,scs-bgx-868
81.9,27.3,100.058,2023-11-30T06:14:15Z,1,scs-bgx-868
81.7,27.4,100.059,2023-11-30T06:15:15Z,1,scs-bgx-868
81.7,27.4,100.059,2023-11-30T06:16:15Z,1,scs-bgx-868
81.7,27.4,100.06,2023-11-30T06:17:15Z,1,scs-bgx-868
81.6,27.5,100.061,2023-11-30T06:18:15Z,1,scs-bgx-868
81.5,27.4,100.063,2023-11-30T06:19:15Z,1,scs-bgx-868
81.5,27.4,100.064,2023-11-30T06:20:15Z,1,scs-bgx-868
81.4,27.4,100.066,2023-11-30T06:21:15Z,1,scs-bgx-868
81.5,27.4,100.068,2023-11-30T06:22:15Z,1,scs-bgx-868
81.4,27.4,100.067,2023-11-30T06:23:15Z,1,scs-bgx-868
81.5,27.4,100.07,2023-11-30T06:24:15Z,1,scs-bgx-868
81.2,27.4,100.07,2023-11-30T06:25:15Z,1,scs-bgx-868
81,27.5,100.07,2023-11-30T06:26:15Z,1,scs-bgx-868
80.9,27.5,100.07,2023-11-30T06:27:15Z,1,scs-bgx-868
81,27.5,100.071,2023-11-30T06:28:15Z,1,scs-bgx-868
80.7,27.5,100.072,2023-11-30T06:29:15Z,1,scs-bgx-868
81,27.6,100.072,2023-11-30T06:30:15Z,1,scs-bgx-868
80.9,27.5,100.072,2023-11-30T06:31:15Z,1,scs-bgx-868
80.8,27.5,100.073,2023-11-30T06:32:15Z,1,scs-bgx-868
80.8,27.6,100.075,2023-11-30T06:33:15Z,1,scs-bgx-868
80.8,27.5,100.075,2023-11-30T06:34:15Z,1,scs-bgx-868
80.5,27.6,100.078,2023-11-30T06:35:15Z,1,scs-bgx-868
80.6,27.6,100.079,2023-11-30T06:36:15Z,1,scs-bgx-868
80.5,27.7,100.081,2023-11-30T06:37:15Z,1,scs-bgx-868
80.5,27.6,100.083,2023-11-30T06:38:15Z,1,scs-bgx-868
80.4,27.6,100.084,2023-11-30T06:39:15Z,1,scs-bgx-868
80.3,27.7,100.084,2023-11-30T06:40:15Z,1,scs-bgx-868
80.1,27.8,100.083,2023-11-30T06:41:15Z,1,scs-bgx-868
80.1,27.8,100.08,2023-11-30T06:42:15Z,1,scs-bgx-868
79.9,27.8,100.084,2023-11-30T06:43:15Z,1,scs-bgx-868
79.6,27.8,100.085,2023-11-30T06:44:15Z,1,scs-bgx-868
79.7,27.8,100.085,2023-11-30T06:45:15Z,1,scs-bgx-868
79.8,27.8,100.086,2023-11-30T06:46:15Z,1,scs-bgx-868
79.8,27.8,100.087,2023-11-30T06:47:15Z,1,scs-bgx-868
79.6,27.9,100.089,2023-11-30T06:48:15Z,1,scs-bgx-868
79.5,27.9,100.091,2023-11-30T06:49:15Z,1,scs-bgx-868
79.5,27.9,100.092,2023-11-30T06:50:15Z,1,scs-bgx-868
79.5,27.9,100.093,2023-11-30T06:51:15Z,1,scs-bgx-868
79.4,27.9,100.097,2023-11-30T06:52:15Z,1,scs-bgx-868
79.3,28,100.098,2023-11-30T06:53:15Z,1,scs-bgx-868
79.2,27.9,100.1,2023-11-30T06:54:15Z,1,scs-bgx-868
79.2,28,100.101,2023-11-30T06:55:15Z,1,scs-bgx-868
79,28,100.103,2023-11-30T06:56:15Z,1,scs-bgx-868
79.2,28,100.106,2023-11-30T06:57:15Z,1,scs-bgx-868
78.9,28.1,100.107,2023-11-30T06:58:15Z,1,scs-bgx-868
78.9,28.1,100.108,2023-11-30T06:59:15Z,1,scs-bgx-868
78.8,28.1,100.106,2023-11-30T07:00:15Z,1,scs-bgx-868
78.8,28.1,100.106,2023-11-30T07:01:15Z,1,scs-bgx-868
78.7,28.1,100.108,2023-11-30T07:02:15Z,1,scs-bgx-868
78.6,28.1,100.11,2023-11-30T07:03:15Z,1,scs-bgx-868
78.2,28.2,100.111,2023-11-30T07:04:15Z,1,scs-bgx-868
78.3,28.2,100.113,2023-11-30T07:05:15Z,1,scs-bgx-868
78.3,28.2,100.117,2023-11-30T07:06:15Z,1,scs-bgx-868
78.3,28.2,100.119,2023-11-30T07:07:15Z,1,scs-bgx-868
78.5,28.2,100.121,2023-11-30T07:08:15Z,1,scs-bgx-868
78.1,28.3,100.121,2023-11-30T07:09:15Z,1,scs-bgx-868
78,28.3,100.125,2023-11-30T07:10:15Z,1,scs-bgx-868
77.8,28.4,100.125,2023-11-30T07:11:15Z,1,scs-bgx-868
77.9,28.4,100.129,2023-11-30T07:12:15Z,1,scs-bgx-868
77.7,28.4,100.128,2023-11-30T07:13:15Z,1,scs-bgx-868
77.7,28.4,100.131,2023-11-30T07:14:15Z,1,scs-bgx-868
77.7,28.5,100.131,2023-11-30T07:15:15Z,1,scs-bgx-868
77.7,28.4,100.132,2023-11-30T07:16:15Z,1,scs-bgx-868
77.4,28.4,100.135,2023-11-30T07:17:15Z,1,scs-bgx-868
77.5,28.5,100.137,2023-11-30T07:18:15Z,1,scs-bgx-868
77.4,28.6,100.138,2023-11-30T07:19:15Z,1,scs-bgx-868
77,28.7,100.14,2023-11-30T07:20:15Z,1,scs-bgx-868
77.1,28.5,100.142,2023-11-30T07:21:15Z,1,scs-bgx-868
76.8,28.6,100.145,2023-11-30T07:22:15Z,1,scs-bgx-868
77,28.5,100.148,2023-11-30T07:23:15Z,1,scs-bgx-868
76.8,28.6,100.15,2023-11-30T07:24:15Z,1,scs-bgx-868
76.9,28.7,100.149,2023-11-30T07:25:15Z,1,scs-bgx-868
76.7,28.6,100.15,2023-11-30T07:26:15Z,1,scs-bgx-868
76.9,28.7,100.15,2023-11-30T07:27:15Z,1,scs-bgx-868
76.2,28.8,100.153,2023-11-30T07:28:15Z,1,scs-bgx-868
76.6,28.8,100.155,2023-11-30T07:29:15Z,1,scs-bgx-868
76,28.9,100.156,2023-11-30T07:30:15Z,1,scs-bgx-868
76.1,28.7,100.158,2023-11-30T07:31:15Z,1,scs-bgx-868
76,28.9,100.159,2023-11-30T07:32:15Z,1,scs-bgx-868
75.8,28.9,100.161,2023-11-30T07:33:15Z,1,scs-bgx-868
75.7,29,100.163,2023-11-30T07:34:15Z,1,scs-bgx-868
75.8,29.1,100.164,2023-11-30T07:35:15Z,1,scs-bgx-868
75.1,29,100.164,2023-11-30T07:36:15Z,1,scs-bgx-868
75.1,29.1,100.165,2023-11-30T07:37:15Z,1,scs-bgx-868
75.1,29.1,100.167,2023-11-30T07:38:15Z,1,scs-bgx-868
74.4,29.3,100.167,2023-11-30T07:39:15Z,1,scs-bgx-868
74.5,29.3,100.17,2023-11-30T07:40:15Z,1,scs-bgx-868
74,29.3,100.171,2023-11-30T07:41:15Z,1,scs-bgx-868
73.9,29.3,100.172,2023-11-30T07:42:15Z,1,scs-bgx-868
74.1,29.3,100.172,2023-11-30T07:43:15Z,1,scs-bgx-868
74.2,29.4,100.174,2023-11-30T07:44:15Z,1,scs-bgx-868
74.3,29.4,100.177,2023-11-30T07:45:15Z,1,scs-bgx-868
73.7,29.5,100.179,2023-11-30T07:46:15Z,1,scs-bgx-868
73.5,29.5,100.177,2023-11-30T07:47:15Z,1,scs-bgx-868
73.2,29.5,100.178,2023-11-30T07:48:15Z,1,scs-bgx-868
72.9,29.6,100.179,2023-11-30T07:49:15Z,1,scs-bgx-868
72.7,29.6,100.178,2023-11-30T07:50:15Z,1,scs-bgx-868
73.1,29.6,100.181,2023-11-30T07:51:15Z,1,scs-bgx-868
72.3,29.7,100.18,2023-11-30T07:52:15Z,1,scs-bgx-868
72.4,29.8,100.184,2023-11-30T07:53:15Z,1,scs-bgx-868
72.1,29.8,100.184,2023-11-30T07:54:15Z,1,scs-bgx-868
72,29.8,100.188,2023-11-30T07:55:15Z,1,scs-bgx-868
71.8,29.8,100.186,2023-11-30T07:56:15Z,1,scs-bgx-868
72,29.7,100.186,2023-11-30T07:57:15Z,1,scs-bgx-868
72.2,29.8,100.188,2023-11-30T07:58:15Z,1,scs-bgx-868
71.8,29.9,100.188,2023-11-30T07:59:15Z,1,scs-bgx-868
71.9,30,100.188,2023-11-30T08:00:15Z,1,scs-bgx-868
71.8,30,100.188,2023-11-30T08:01:15Z,1,scs-bgx-868
71,30.1,100.185,2023-11-30T08:02:15Z,1,scs-bgx-868
71.4,30.1,100.189,2023-11-30T08:03:15Z,1,scs-bgx-868
70.7,30.1,100.189,2023-11-30T08:04:15Z,1,scs-bgx-868
71.7,30.1,100.19,2023-11-30T08:05:15Z,1,scs-bgx-868
70.4,30.2,100.189,2023-11-30T08:06:15Z,1,scs-bgx-868
70.1,30.2,100.193,2023-11-30T08:07:15Z,1,scs-bgx-868
70.6,30.2,100.191,2023-11-30T08:08:15Z,1,scs-bgx-868
70.6,30.1,100.192,2023-11-30T08:09:15Z,1,scs-bgx-868
70.4,30.2,100.193,2023-11-30T08:10:15Z,1,scs-bgx-868
70.7,30.1,100.197,2023-11-30T08:11:15Z,1,scs-bgx-868
70.6,30.2,100.198,2023-11-30T08:12:15Z,1,scs-bgx-868
70.1,30.4,100.195,2023-11-30T08:13:15Z,1,scs-bgx-868
70.4,30.4,100.192,2023-11-30T08:14:15Z,1,scs-bgx-868
70.5,30.5,100.192,2023-11-30T08:15:15Z,1,scs-bgx-868
69.6,30.6,100.19,2023-11-30T08:16:15Z,1,scs-bgx-868
69.3,30.7,100.191,2023-11-30T08:17:15Z,1,scs-bgx-868
68.8,30.6,100.191,2023-11-30T08:18:15Z,1,scs-bgx-868
69.1,30.6,100.191,2023-11-30T08:19:15Z,1,scs-bgx-868
69.1,30.8,100.192,2023-11-30T08:20:15Z,1,scs-bgx-868
69.3,30.6,100.194,2023-11-30T08:21:15Z,1,scs-bgx-868
68.6,30.7,100.193,2023-11-30T08:22:15Z,1,scs-bgx-868
69,30.7,100.196,2023-11-30T08:23:15Z,1,scs-bgx-868
69.3,30.7,100.193,2023-11-30T08:24:15Z,1,scs-bgx-868
68.9,30.8,100.196,2023-11-30T08:25:15Z,1,scs-bgx-868
68.9,30.8,100.196,2023-11-30T08:26:15Z,1,scs-bgx-868
68.8,30.6,100.193,2023-11-30T08:27:15Z,1,scs-bgx-868
68.6,30.7,100.197,2023-11-30T08:28:15Z,1,scs-bgx-868
68.6,30.8,100.198,2023-11-30T08:29:15Z,1,scs-bgx-868
68.2,30.9,100.197,2023-11-30T08:30:15Z,1,scs-bgx-868
68.3,31,100.196,2023-11-30T08:31:15Z,1,scs-bgx-868
67.9,30.9,100.194,2023-11-30T08:32:15Z,1,scs-bgx-868
68.4,31,100.192,2023-11-30T08:33:15Z,1,scs-bgx-868
67.8,31,100.194,2023-11-30T08:34:15Z,1,scs-bgx-868
68,31,100.195,2023-11-30T08:35:15Z,1,scs-bgx-868
67.8,31.1,100.193,2023-11-30T08:36:15Z,1,scs-bgx-868
68.2,31,100.189,2023-11-30T08:37:15Z,1,scs-bgx-868
68.1,31,100.187,2023-11-30T08:38:15Z,1,scs-bgx-868
67.3,31.2,100.187,2023-11-30T08:39:15Z,1,scs-bgx-868
67.4,31.3,100.191,2023-11-30T08:40:15Z,1,scs-bgx-868
67.1,31.4,100.19,2023-11-30T08:41:15Z,1,scs-bgx-868
66.5,31.4,100.189,2023-11-30T08:42:15Z,1,scs-bgx-868
66.8,31.4,100.191,2023-11-30T08:43:15Z,1,scs-bgx-868
66.2,31.6,100.188,2023-11-30T08:44:15Z,1,scs-bgx-868
65.8,31.6,100.187,2023-11-30T08:45:15Z,1,scs-bgx-868
65.4,31.7,100.187,2023-11-30T08:46:15Z,1,scs-bgx-868
65.6,31.7,100.187,2023-11-30T08:47:15Z,1,scs-bgx-868
65.6,31.6,100.187,2023-11-30T08:48:15Z,1,scs-bgx-868
65.7,31.8,100.188,2023-11-30T08:49:15Z,1,scs-bgx-868
65.3,31.7,100.188,2023-11-30T08:50:15Z,1,scs-bgx-868
65.1,31.6,100.19,2023-11-30T08:51:15Z,1,scs-bgx-868
65.3,31.7,100.187,2023-11-30T08:52:15Z,1,scs-bgx-868
65.1,31.7,100.189,2023-11-30T08:53:15Z,1,scs-bgx-868
65.2,31.7,100.186,2023-11-30T08:54:15Z,1,scs-bgx-868
66.1,31.7,100.191,2023-11-30T08:55:15Z,1,scs-bgx-868
65,31.8,100.188,2023-11-30T08:56:15Z,1,scs-bgx-868
64.9,31.9,100.189,2023-11-30T08:57:15Z,1,scs-bgx-868
64.5,32,100.19,2023-11-30T08:58:15Z,1,scs-bgx-868
64.8,31.9,100.188,2023-11-30T08:59:15Z,1,scs-bgx-868
64.5,31.8,100.195,2023-11-30T09:00:15Z,1,scs-bgx-868
65.1,31.8,100.196,2023-11-30T09:01:15Z,1,scs-bgx-868
65,31.9,100.2,2023-11-30T09:02:15Z,1,scs-bgx-868
64.6,31.9,100.197,2023-11-30T09:03:15Z,1,scs-bgx-868
64.4,31.9,100.198,2023-11-30T09:04:15Z,1,scs-bgx-868
64.1,31.9,100.199,2023-11-30T09:05:15Z,1,scs-bgx-868
63.9,32,100.197,2023-11-30T09:06:15Z,1,scs-bgx-868
63.9,32,100.199,2023-11-30T09:07:15Z,1,scs-bgx-868
64.1,32.1,100.197,2023-11-30T09:08:15Z,1,scs-bgx-868
64.7,32.2,100.196,2023-11-30T09:09:15Z,1,scs-bgx-868
63.8,32.1,100.194,2023-11-30T09:10:15Z,1,scs-bgx-868
64.4,32.2,100.194,2023-11-30T09:11:15Z,1,scs-bgx-868
64,32.3,100.199,2023-11-30T09:12:15Z,1,scs-bgx-868
62.8,32.5,100.199,2023-11-30T09:13:15Z,1,scs-bgx-868
62.7,32.5,100.197,2023-11-30T09:14:15Z,1,scs-bgx-868
63.2,32.6,100.196,2023-11-30T09:15:15Z,1,scs-bgx-868
63.1,32.6,100.193,2023-11-30T09:16:15Z,1,scs-bgx-868
62.8,32.5,100.193,2023-11-30T09:17:15Z,1,scs-bgx-868
63,32.6,100.191,2023-11-30T09:18:15Z,1,scs-bgx-868
62.7,32.7,100.19,2023-11-30T09:19:15Z,1,scs-bgx-868
62.7,32.6,100.187,2023-11-30T09:20:15Z,1,scs-bgx-868
62.7,32.5,100.191,2023-11-30T09:21:15Z,1,scs-bgx-868
62.4,32.6,100.191,2023-11-30T09:22:15Z,1,scs-bgx-868
62.8,32.6,100.193,2023-11-30T09:23:15Z,1,scs-bgx-868
62.1,32.7,100.192,2023-11-30T09:24:15Z,1,scs-bgx-868
61.7,32.7,100.193,2023-11-30T09:25:15Z,1,scs-bgx-868
62.1,32.7,100.193,2023-11-30T09:26:15Z,1,scs-bgx-868
61.8,32.6,100.194,2023-11-30T09:27:15Z,1,scs-bgx-868
62,32.7,100.192,2023-11-30T09:28:15Z,1,scs-bgx-868
62.8,32.7,100.193,2023-11-30T09:29:15Z,1,scs-bgx-868
61.8,32.8,100.191,2023-11-30T09:30:15Z,1,scs-bgx-868
61.5,32.9,100.192,2023-11-30T09:31:15Z,1,scs-bgx-868
61.6,32.8,100.192,2023-11-30T09:32:15Z,1,scs-bgx-868
61.7,33.1,100.192,2023-11-30T09:33:15Z,1,scs-bgx-868
61.3,33.1,100.191,2023-11-30T09:34:15Z,1,scs-bgx-868
61.4,33.1,100.191,2023-11-30T09:35:15Z,1,scs-bgx-868
61.8,32.6,100.184,2023-11-30T09:36:15Z,1,scs-bgx-868
61.2,33,100.188,2023-11-30T09:37:15Z,1,scs-bgx-868
61.3,32.9,100.19,2023-11-30T09:38:15Z,1,scs-bgx-868
61.2,33,100.191,2023-11-30T09:39:15Z,1,scs-bgx-868
